sheet,cell,obra_style_id,other_style_id,same_rendered_style
DRE,B1,74,75,True
DRE,D1,74,75,True
DRE,F1,74,75,True
DRE,G1,74,75,True
DRE,H1,74,75,True
DRE,J1,74,75,True
DRE,K1,74,75,True
DRE,L1,74,75,True
DRE,N1,74,75,True
DRE,O1,74,75,True
DRE,P1,75,76,True
DRE,R1,74,75,True
DRE,S1,74,75,True
DRE,T1,74,75,True
DRE,V1,74,75,True
DRE,W1,74,75,True
DRE,X1,75,76,True
DRE,Z1,74,75,True
DRE,AA1,74,75,True
DRE,AB1,74,75,True
DRE,AD1,74,75,True
DRE,AE1,74,75,True
DRE,AF1,75,76,True
DRE,AH1,74,75,True
DRE,AI1,74,75,True
DRE,B3,74,75,True
DRE,D3,74,75,True
DRE,F3,74,75,True
DRE,G3,74,75,True
DRE,H3,74,75,True
DRE,J3,74,75,True
DRE,K3,74,75,True
DRE,L3,74,75,True
DRE,N3,74,75,True
DRE,O3,74,75,True
DRE,P3,75,76,True
DRE,R3,74,75,True
DRE,S3,74,75,True
DRE,T3,74,75,True
DRE,V3,74,75,True
DRE,W3,74,75,True
DRE,X3,75,76,True
DRE,Z3,74,75,True
DRE,AA3,74,75,True
DRE,AB3,74,75,True
DRE,AD3,74,75,True
DRE,AE3,74,75,True
DRE,AF3,75,76,True
DRE,AH3,74,75,True
DRE,AI3,74,75,True
DRE,B4,74,75,True
DRE,D4,74,75,True
DRE,F4,74,75,True
DRE,G4,74,75,True
DRE,H4,74,75,True
DRE,J4,74,75,True
DRE,K4,74,75,True
DRE,L4,74,75,True
DRE,N4,74,75,True
DRE,O4,74,75,True
DRE,P4,75,76,True
DRE,R4,74,75,True
DRE,S4,74,75,True
DRE,T4,74,75,True
DRE,V4,74,75,True
DRE,W4,74,75,True
DRE,X4,75,76,True
DRE,Z4,74,75,True
DRE,AA4,74,75,True
DRE,AB4,74,75,True
DRE,AD4,74,75,True
DRE,AE4,74,75,True
DRE,AF4,75,76,True
DRE,AH4,74,75,True
DRE,AI4,74,75,True
DRE,A5,76,77,True
DRE,B5,77,78,True
DRE,D5,77,78,True
DRE,F5,77,78,True
DRE,H5,77,78,True
DRE,J5,77,78,True
DRE,L5,77,78,True
DRE,N5,77,78,True
DRE,P5,77,78,True
DRE,R5,77,78,True
DRE,T5,77,78,True
DRE,V5,77,78,True
DRE,X5,77,78,True
DRE,Z5,77,78,True
DRE,AB5,77,78,True
DRE,AD5,77,78,True
DRE,AF5,77,78,True
DRE,AH5,77,78,True
DRE,A6,78,79,True
DRE,B6,77,78,True
DRE,D6,77,78,True
DRE,F6,77,78,True
DRE,H6,77,78,True
DRE,J6,77,78,True
DRE,L6,77,78,True
DRE,N6,77,78,True
DRE,P6,77,78,True
DRE,R6,77,78,True
DRE,T6,77,78,True
DRE,V6,77,78,True
DRE,X6,77,78,True
DRE,Z6,77,78,True
DRE,AB6,77,78,True
DRE,AD6,77,78,True
DRE,AF6,77,78,True
DRE,AH6,77,78,True
DRE,B7,75,76,True
DRE,D7,75,76,True
DRE,F7,75,76,True
DRE,H7,79,80,True
DRE,J7,75,76,True
DRE,L7,75,76,True
DRE,N7,75,76,True
DRE,P7,79,80,True
DRE,R7,75,76,True
DRE,T7,75,76,True
DRE,V7,75,76,True
DRE,X7,79,80,True
DRE,Z7,75,76,True
DRE,AB7,75,76,True
DRE,AD7,75,76,True
DRE,AF7,79,80,True
DRE,AH7,75,76,True
DRE,A8,80,81,True
DRE,B8,81,82,True
DRE,D8,81,82,True
DRE,F8,81,82,True
DRE,H8,81,82,True
DRE,J8,81,82,True
DRE,L8,81,82,True
DRE,N8,81,82,True
DRE,P8,81,82,True
DRE,R8,81,82,True
DRE,T8,81,82,True
DRE,V8,81,82,True
DRE,X8,81,82,True
DRE,Z8,81,82,True
DRE,AB8,81,82,True
DRE,AD8,81,82,True
DRE,AF8,81,82,True
DRE,AH8,81,82,True
DRE,B9,75,76,True
DRE,D9,75,76,True
DRE,F9,75,76,True
DRE,H9,79,80,True
DRE,J9,75,76,True
DRE,L9,75,76,True
DRE,N9,75,76,True
DRE,P9,79,80,True
DRE,R9,75,76,True
DRE,T9,75,76,True
DRE,V9,75,76,True
DRE,X9,79,80,True
DRE,Z9,75,76,True
DRE,AB9,75,76,True
DRE,AD9,75,76,True
DRE,AF9,79,80,True
DRE,AH9,75,76,True
DRE,A10,82,83,True
DRE,B10,83,84,True
DRE,D10,83,84,True
DRE,F10,83,84,True
DRE,H10,83,84,True
DRE,J10,83,84,True
DRE,L10,83,84,True
DRE,N10,83,84,True
DRE,P10,83,84,True
DRE,R10,83,84,True
DRE,T10,83,84,True
DRE,V10,83,84,True
DRE,X10,83,84,True
DRE,Z10,83,84,True
DRE,AB10,83,84,True
DRE,AD10,83,84,True
DRE,AF10,83,84,True
DRE,AH10,83,84,True
DRE,B11,75,76,True
DRE,D11,75,76,True
DRE,F11,75,76,True
DRE,H11,79,80,True
DRE,J11,75,76,True
DRE,L11,75,76,True
DRE,N11,75,76,True
DRE,P11,79,80,True
DRE,R11,75,76,True
DRE,T11,75,76,True
DRE,V11,75,76,True
DRE,X11,79,80,True
DRE,Z11,75,76,True
DRE,AB11,75,76,True
DRE,AD11,75,76,True
DRE,AF11,79,80,True
DRE,AH11,75,76,True
DRE,B12,75,76,True
DRE,D12,75,76,True
DRE,F12,75,76,True
DRE,H12,79,80,True
DRE,J12,75,76,True
DRE,L12,75,76,True
DRE,N12,75,76,True
DRE,P12,79,80,True
DRE,R12,75,76,True
DRE,T12,75,76,True
DRE,V12,75,76,True
DRE,X12,79,80,True
DRE,Z12,75,76,True
DRE,AB12,75,76,True
DRE,AD12,75,76,True
DRE,AF12,79,80,True
DRE,AH12,75,76,True
DRE,B13,75,76,True
DRE,D13,75,76,True
DRE,F13,75,76,True
DRE,H13,79,80,True
DRE,J13,75,76,True
DRE,L13,75,76,True
DRE,N13,75,76,True
DRE,P13,79,80,True
DRE,R13,75,76,True
DRE,T13,75,76,True
DRE,V13,75,76,True
DRE,X13,79,80,True
DRE,Z13,75,76,True
DRE,AB13,75,76,True
DRE,AD13,75,76,True
DRE,AF13,79,80,True
DRE,AH13,75,76,True
DRE,B14,75,76,True
DRE,D14,75,76,True
DRE,F14,75,76,True
DRE,H14,79,80,True
DRE,J14,75,76,True
DRE,L14,75,76,True
DRE,N14,75,76,True
DRE,P14,79,80,True
DRE,R14,75,76,True
DRE,T14,75,76,True
DRE,V14,75,76,True
DRE,X14,79,80,True
DRE,Z14,75,76,True
DRE,AB14,75,76,True
DRE,AD14,75,76,True
DRE,AF14,79,80,True
DRE,AH14,75,76,True
DRE,B15,75,76,True
DRE,D15,75,76,True
DRE,F15,75,76,True
DRE,H15,79,80,True
DRE,J15,75,76,True
DRE,L15,75,76,True
DRE,N15,75,76,True
DRE,P15,79,80,True
DRE,R15,75,76,True
DRE,T15,75,76,True
DRE,V15,75,76,True
DRE,X15,79,80,True
DRE,Z15,75,76,True
DRE,AB15,75,76,True
DRE,AD15,75,76,True
DRE,AF15,79,80,True
DRE,AH15,75,76,True
DRE,B16,75,76,True
DRE,D16,75,76,True
DRE,F16,75,76,True
DRE,H16,79,80,True
DRE,J16,75,76,True
DRE,L16,75,76,True
DRE,N16,75,76,True
DRE,P16,79,80,True
DRE,R16,75,76,True
DRE,T16,75,76,True
DRE,V16,75,76,True
DRE,X16,79,80,True
DRE,Z16,75,76,True
DRE,AB16,75,76,True
DRE,AD16,75,76,True
DRE,AF16,79,80,True
DRE,AH16,75,76,True
DRE,B17,75,76,True
DRE,D17,75,76,True
DRE,F17,75,76,True
DRE,H17,79,80,True
DRE,J17,75,76,True
DRE,L17,75,76,True
DRE,N17,75,76,True
DRE,P17,79,80,True
DRE,R17,75,76,True
DRE,T17,75,76,True
DRE,V17,75,76,True
DRE,X17,79,80,True
DRE,Z17,75,76,True
DRE,AB17,75,76,True
DRE,AD17,75,76,True
DRE,AF17,79,80,True
DRE,AH17,75,76,True
DRE,B18,75,76,True
DRE,D18,75,76,True
DRE,F18,75,76,True
DRE,H18,79,80,True
DRE,J18,75,76,True
DRE,L18,75,76,True
DRE,N18,75,76,True
DRE,P18,79,80,True
DRE,R18,75,76,True
DRE,T18,75,76,True
DRE,V18,75,76,True
DRE,X18,79,80,True
DRE,Z18,75,76,True
DRE,AB18,75,76,True
DRE,AD18,75,76,True
DRE,AF18,79,80,True
DRE,AH18,75,76,True
DRE,A19,78,79,True
DRE,B19,77,78,True
DRE,D19,77,78,True
DRE,F19,77,78,True
DRE,H19,77,78,True
DRE,J19,77,78,True
DRE,L19,77,78,True
DRE,N19,77,78,True
DRE,P19,77,78,True
DRE,R19,77,78,True
DRE,T19,77,78,True
DRE,V19,77,78,True
DRE,X19,77,78,True
DRE,Z19,77,78,True
DRE,AB19,77,78,True
DRE,AD19,77,78,True
DRE,AF19,77,78,True
DRE,AH19,77,78,True
DRE,A20,84,85,True
DRE,B20,85,86,True
DRE,D20,85,86,True
DRE,F20,85,86,True
DRE,H20,85,86,True
DRE,J20,85,86,True
DRE,L20,85,86,True
DRE,N20,85,86,True
DRE,P20,85,86,True
DRE,R20,85,86,True
DRE,T20,85,86,True
DRE,V20,85,86,True
DRE,X20,85,86,True
DRE,Z20,85,86,True
DRE,AB20,85,86,True
DRE,AD20,85,86,True
DRE,AF20,85,86,True
DRE,AH20,85,86,True
DRE,A21,82,83,True
DRE,B21,83,84,True
DRE,D21,83,84,True
DRE,F21,83,84,True
DRE,H21,83,84,True
DRE,J21,83,84,True
DRE,L21,83,84,True
DRE,N21,83,84,True
DRE,P21,83,84,True
DRE,R21,83,84,True
DRE,T21,83,84,True
DRE,V21,83,84,True
DRE,X21,83,84,True
DRE,Z21,83,84,True
DRE,AB21,83,84,True
DRE,AD21,83,84,True
DRE,AF21,83,84,True
DRE,AH21,83,84,True
DRE,B22,75,76,True
DRE,D22,75,76,True
DRE,F22,75,76,True
DRE,H22,79,80,True
DRE,J22,75,76,True
DRE,L22,75,76,True
DRE,N22,75,76,True
DRE,P22,79,80,True
DRE,R22,75,76,True
DRE,T22,75,76,True
DRE,V22,75,76,True
DRE,X22,79,80,True
DRE,Z22,75,76,True
DRE,AB22,75,76,True
DRE,AD22,75,76,True
DRE,AF22,79,80,True
DRE,AH22,75,76,True
DRE,B23,75,76,True
DRE,D23,75,76,True
DRE,F23,75,76,True
DRE,H23,79,80,True
DRE,J23,75,76,True
DRE,L23,75,76,True
DRE,N23,75,76,True
DRE,P23,79,80,True
DRE,R23,75,76,True
DRE,T23,75,76,True
DRE,V23,75,76,True
DRE,X23,79,80,True
DRE,Z23,75,76,True
DRE,AB23,75,76,True
DRE,AD23,75,76,True
DRE,AF23,79,80,True
DRE,AH23,75,76,True
DRE,B24,75,76,True
DRE,D24,75,76,True
DRE,F24,75,76,True
DRE,H24,79,80,True
DRE,J24,75,76,True
DRE,L24,75,76,True
DRE,N24,75,76,True
DRE,P24,79,80,True
DRE,R24,75,76,True
DRE,T24,75,76,True
DRE,V24,75,76,True
DRE,X24,79,80,True
DRE,Z24,75,76,True
DRE,AB24,75,76,True
DRE,AD24,75,76,True
DRE,AF24,79,80,True
DRE,AH24,75,76,True
DRE,B25,75,76,True
DRE,D25,75,76,True
DRE,F25,75,76,True
DRE,H25,79,80,True
DRE,J25,75,76,True
DRE,L25,75,76,True
DRE,N25,75,76,True
DRE,P25,79,80,True
DRE,R25,75,76,True
DRE,T25,75,76,True
DRE,V25,75,76,True
DRE,X25,79,80,True
DRE,Z25,75,76,True
DRE,AB25,75,76,True
DRE,AD25,75,76,True
DRE,AF25,79,80,True
DRE,AH25,75,76,True
DRE,B26,75,76,True
DRE,D26,75,76,True
DRE,F26,75,76,True
DRE,H26,79,80,True
DRE,J26,75,76,True
DRE,L26,75,76,True
DRE,N26,75,76,True
DRE,P26,79,80,True
DRE,R26,75,76,True
DRE,T26,75,76,True
DRE,V26,75,76,True
DRE,X26,79,80,True
DRE,Z26,75,76,True
DRE,AB26,75,76,True
DRE,AD26,75,76,True
DRE,AF26,79,80,True
DRE,AH26,75,76,True
DRE,B27,75,76,True
DRE,D27,75,76,True
DRE,F27,75,76,True
DRE,H27,79,80,True
DRE,J27,75,76,True
DRE,L27,75,76,True
DRE,N27,75,76,True
DRE,P27,79,80,True
DRE,R27,75,76,True
DRE,T27,75,76,True
DRE,V27,75,76,True
DRE,X27,79,80,True
DRE,Z27,75,76,True
DRE,AB27,75,76,True
DRE,AD27,75,76,True
DRE,AF27,79,80,True
DRE,AH27,75,76,True
DRE,B28,75,76,True
DRE,D28,75,76,True
DRE,F28,75,76,True
DRE,H28,79,80,True
DRE,J28,75,76,True
DRE,L28,75,76,True
DRE,N28,75,76,True
DRE,P28,79,80,True
DRE,R28,75,76,True
DRE,T28,75,76,True
DRE,V28,75,76,True
DRE,X28,79,80,True
DRE,Z28,75,76,True
DRE,AB28,75,76,True
DRE,AD28,75,76,True
DRE,AF28,79,80,True
DRE,AH28,75,76,True
DRE,B29,75,76,True
DRE,D29,75,76,True
DRE,F29,75,76,True
DRE,H29,79,80,True
DRE,J29,75,76,True
DRE,L29,75,76,True
DRE,N29,75,76,True
DRE,P29,79,80,True
DRE,R29,75,76,True
DRE,T29,75,76,True
DRE,V29,75,76,True
DRE,X29,79,80,True
DRE,Z29,75,76,True
DRE,AB29,75,76,True
DRE,AD29,75,76,True
DRE,AF29,79,80,True
DRE,AH29,75,76,True
DRE,A30,82,83,True
DRE,B30,83,84,True
DRE,D30,83,84,True
DRE,F30,83,84,True
DRE,H30,83,84,True
DRE,J30,83,84,True
DRE,L30,83,84,True
DRE,N30,83,84,True
DRE,P30,83,84,True
DRE,R30,83,84,True
DRE,T30,83,84,True
DRE,V30,83,84,True
DRE,X30,83,84,True
DRE,Z30,83,84,True
DRE,AB30,83,84,True
DRE,AD30,83,84,True
DRE,AF30,83,84,True
DRE,AH30,83,84,True
DRE,B31,75,76,True
DRE,D31,75,76,True
DRE,F31,75,76,True
DRE,H31,79,80,True
DRE,J31,75,76,True
DRE,L31,75,76,True
DRE,N31,75,76,True
DRE,P31,79,80,True
DRE,R31,75,76,True
DRE,T31,75,76,True
DRE,V31,75,76,True
DRE,X31,79,80,True
DRE,Z31,75,76,True
DRE,AB31,75,76,True
DRE,AD31,75,76,True
DRE,AF31,79,80,True
DRE,AH31,75,76,True
DRE,B32,75,76,True
DRE,D32,75,76,True
DRE,F32,75,76,True
DRE,H32,79,80,True
DRE,J32,75,76,True
DRE,L32,75,76,True
DRE,N32,75,76,True
DRE,P32,79,80,True
DRE,R32,75,76,True
DRE,T32,75,76,True
DRE,V32,75,76,True
DRE,X32,79,80,True
DRE,Z32,75,76,True
DRE,AB32,75,76,True
DRE,AD32,75,76,True
DRE,AF32,79,80,True
DRE,AH32,75,76,True
DRE,B33,75,76,True
DRE,D33,75,76,True
DRE,F33,75,76,True
DRE,H33,79,80,True
DRE,J33,75,76,True
DRE,L33,75,76,True
DRE,N33,75,76,True
DRE,P33,79,80,True
DRE,R33,75,76,True
DRE,T33,75,76,True
DRE,V33,75,76,True
DRE,X33,79,80,True
DRE,Z33,75,76,True
DRE,AB33,75,76,True
DRE,AD33,75,76,True
DRE,AF33,79,80,True
DRE,AH33,75,76,True
DRE,A34,78,79,True
DRE,B34,77,78,True
DRE,D34,77,78,True
DRE,F34,77,78,True
DRE,H34,77,78,True
DRE,J34,77,78,True
DRE,L34,77,78,True
DRE,N34,77,78,True
DRE,P34,77,78,True
DRE,R34,77,78,True
DRE,T34,77,78,True
DRE,V34,77,78,True
DRE,X34,77,78,True
DRE,Z34,77,78,True
DRE,AB34,77,78,True
DRE,AD34,77,78,True
DRE,AF34,77,78,True
DRE,AH34,77,78,True
DRE,A35,84,85,True
DRE,B35,85,86,True
DRE,D35,85,86,True
DRE,F35,85,86,True
DRE,H35,85,86,True
DRE,J35,85,86,True
DRE,L35,85,86,True
DRE,N35,85,86,True
DRE,P35,85,86,True
DRE,R35,85,86,True
DRE,T35,85,86,True
DRE,V35,85,86,True
DRE,X35,85,86,True
DRE,Z35,85,86,True
DRE,AB35,85,86,True
DRE,AD35,85,86,True
DRE,AF35,85,86,True
DRE,AH35,85,86,True
DRE,A36,82,83,True
DRE,B36,83,84,True
DRE,D36,83,84,True
DRE,F36,83,84,True
DRE,H36,83,84,True
DRE,J36,83,84,True
DRE,L36,83,84,True
DRE,N36,83,84,True
DRE,P36,83,84,True
DRE,R36,83,84,True
DRE,T36,83,84,True
DRE,V36,83,84,True
DRE,X36,83,84,True
DRE,Z36,83,84,True
DRE,AB36,83,84,True
DRE,AD36,83,84,True
DRE,AF36,83,84,True
DRE,AH36,83,84,True
DRE,B37,75,76,True
DRE,D37,75,76,True
DRE,F37,75,76,True
DRE,H37,79,80,True
DRE,J37,75,76,True
DRE,L37,75,76,True
DRE,N37,75,76,True
DRE,P37,79,80,True
DRE,R37,75,76,True
DRE,T37,75,76,True
DRE,V37,75,76,True
DRE,X37,79,80,True
DRE,Z37,75,76,True
DRE,AB37,75,76,True
DRE,AD37,75,76,True
DRE,AF37,79,80,True
DRE,AH37,75,76,True
DRE,B38,75,76,True
DRE,D38,75,76,True
DRE,F38,75,76,True
DRE,H38,79,80,True
DRE,J38,75,76,True
DRE,L38,75,76,True
DRE,N38,75,76,True
DRE,P38,79,80,True
DRE,R38,75,76,True
DRE,T38,75,76,True
DRE,V38,75,76,True
DRE,X38,79,80,True
DRE,Z38,75,76,True
DRE,AB38,75,76,True
DRE,AD38,75,76,True
DRE,AF38,79,80,True
DRE,AH38,75,76,True
DRE,B39,75,76,True
DRE,D39,75,76,True
DRE,F39,75,76,True
DRE,H39,79,80,True
DRE,J39,75,76,True
DRE,L39,75,76,True
DRE,N39,75,76,True
DRE,P39,79,80,True
DRE,R39,75,76,True
DRE,T39,75,76,True
DRE,V39,75,76,True
DRE,X39,79,80,True
DRE,Z39,75,76,True
DRE,AB39,75,76,True
DRE,AD39,75,76,True
DRE,AF39,79,80,True
DRE,AH39,75,76,True
DRE,B40,75,76,True
DRE,D40,75,76,True
DRE,F40,75,76,True
DRE,H40,79,80,True
DRE,J40,75,76,True
DRE,L40,75,76,True
DRE,N40,75,76,True
DRE,P40,79,80,True
DRE,R40,75,76,True
DRE,T40,75,76,True
DRE,V40,75,76,True
DRE,X40,79,80,True
DRE,Z40,75,76,True
DRE,AB40,75,76,True
DRE,AD40,75,76,True
DRE,AF40,79,80,True
DRE,AH40,75,76,True
DRE,B41,75,76,True
DRE,D41,75,76,True
DRE,F41,75,76,True
DRE,H41,79,80,True
DRE,J41,75,76,True
DRE,L41,75,76,True
DRE,N41,75,76,True
DRE,P41,79,80,True
DRE,R41,75,76,True
DRE,T41,75,76,True
DRE,V41,75,76,True
DRE,X41,79,80,True
DRE,Z41,75,76,True
DRE,AB41,75,76,True
DRE,AD41,75,76,True
DRE,AF41,79,80,True
DRE,AH41,75,76,True
DRE,B42,75,76,True
DRE,D42,75,76,True
DRE,F42,75,76,True
DRE,H42,79,80,True
DRE,J42,75,76,True
DRE,L42,75,76,True
DRE,N42,75,76,True
DRE,P42,79,80,True
DRE,R42,75,76,True
DRE,T42,75,76,True
DRE,V42,75,76,True
DRE,X42,79,80,True
DRE,Z42,75,76,True
DRE,AB42,75,76,True
DRE,AD42,75,76,True
DRE,AF42,79,80,True
DRE,AH42,75,76,True
DRE,B43,75,76,True
DRE,D43,75,76,True
DRE,F43,75,76,True
DRE,H43,79,80,True
DRE,J43,75,76,True
DRE,L43,75,76,True
DRE,N43,75,76,True
DRE,P43,79,80,True
DRE,R43,75,76,True
DRE,T43,75,76,True
DRE,V43,75,76,True
DRE,X43,79,80,True
DRE,Z43,75,76,True
DRE,AB43,75,76,True
DRE,AD43,75,76,True
DRE,AF43,79,80,True
DRE,AH43,75,76,True
DRE,B44,75,76,True
DRE,D44,75,76,True
DRE,F44,75,76,True
DRE,H44,79,80,True
DRE,J44,75,76,True
DRE,L44,75,76,True
DRE,N44,75,76,True
DRE,P44,79,80,True
DRE,R44,75,76,True
DRE,T44,75,76,True
DRE,V44,75,76,True
DRE,X44,79,80,True
DRE,Z44,75,76,True
DRE,AB44,75,76,True
DRE,AD44,75,76,True
DRE,AF44,79,80,True
DRE,AH44,75,76,True
DRE,B45,75,76,True
DRE,D45,75,76,True
DRE,F45,75,76,True
DRE,H45,79,80,True
DRE,J45,75,76,True
DRE,L45,75,76,True
DRE,N45,75,76,True
DRE,P45,79,80,True
DRE,R45,75,76,True
DRE,T45,75,76,True
DRE,V45,75,76,True
DRE,X45,79,80,True
DRE,Z45,75,76,True
DRE,AB45,75,76,True
DRE,AD45,75,76,True
DRE,AF45,79,80,True
DRE,AH45,75,76,True
DRE,B46,75,76,True
DRE,D46,75,76,True
DRE,F46,75,76,True
DRE,H46,79,80,True
DRE,J46,75,76,True
DRE,L46,75,76,True
DRE,N46,75,76,True
DRE,P46,79,80,True
DRE,R46,75,76,True
DRE,T46,75,76,True
DRE,V46,75,76,True
DRE,X46,79,80,True
DRE,Z46,75,76,True
DRE,AB46,75,76,True
DRE,AD46,75,76,True
DRE,AF46,79,80,True
DRE,AH46,75,76,True
DRE,B47,75,76,True
DRE,D47,75,76,True
DRE,F47,75,76,True
DRE,H47,79,80,True
DRE,J47,75,76,True
DRE,L47,75,76,True
DRE,N47,75,76,True
DRE,P47,79,80,True
DRE,R47,75,76,True
DRE,T47,75,76,True
DRE,V47,75,76,True
DRE,X47,79,80,True
DRE,Z47,75,76,True
DRE,AB47,75,76,True
DRE,AD47,75,76,True
DRE,AF47,79,80,True
DRE,AH47,75,76,True
DRE,B48,75,76,True
DRE,D48,75,76,True
DRE,F48,75,76,True
DRE,H48,79,80,True
DRE,J48,75,76,True
DRE,L48,75,76,True
DRE,N48,75,76,True
DRE,P48,79,80,True
DRE,R48,75,76,True
DRE,T48,75,76,True
DRE,V48,75,76,True
DRE,X48,79,80,True
DRE,Z48,75,76,True
DRE,AB48,75,76,True
DRE,AD48,75,76,True
DRE,AF48,79,80,True
DRE,AH48,75,76,True
DRE,B49,75,76,True
DRE,D49,75,76,True
DRE,F49,75,76,True
DRE,H49,79,80,True
DRE,J49,75,76,True
DRE,L49,75,76,True
DRE,N49,75,76,True
DRE,P49,79,80,True
DRE,R49,75,76,True
DRE,T49,75,76,True
DRE,V49,75,76,True
DRE,X49,79,80,True
DRE,Z49,75,76,True
DRE,AB49,75,76,True
DRE,AD49,75,76,True
DRE,AF49,79,80,True
DRE,AH49,75,76,True
DRE,B50,75,76,True
DRE,D50,75,76,True
DRE,F50,75,76,True
DRE,H50,79,80,True
DRE,J50,75,76,True
DRE,L50,75,76,True
DRE,N50,75,76,True
DRE,P50,79,80,True
DRE,R50,75,76,True
DRE,T50,75,76,True
DRE,V50,75,76,True
DRE,X50,79,80,True
DRE,Z50,75,76,True
DRE,AB50,75,76,True
DRE,AD50,75,76,True
DRE,AF50,79,80,True
DRE,AH50,75,76,True
DRE,B51,75,76,True
DRE,D51,75,76,True
DRE,F51,75,76,True
DRE,H51,79,80,True
DRE,J51,75,76,True
DRE,L51,75,76,True
DRE,N51,75,76,True
DRE,P51,79,80,True
DRE,R51,75,76,True
DRE,T51,75,76,True
DRE,V51,75,76,True
DRE,X51,79,80,True
DRE,Z51,75,76,True
DRE,AB51,75,76,True
DRE,AD51,75,76,True
DRE,AF51,79,80,True
DRE,AH51,75,76,True
DRE,B52,75,76,True
DRE,D52,75,76,True
DRE,F52,75,76,True
DRE,H52,79,80,True
DRE,J52,75,76,True
DRE,L52,75,76,True
DRE,N52,75,76,True
DRE,P52,79,80,True
DRE,R52,75,76,True
DRE,T52,75,76,True
DRE,V52,75,76,True
DRE,X52,79,80,True
DRE,Z52,75,76,True
DRE,AB52,75,76,True
DRE,AD52,75,76,True
DRE,AF52,79,80,True
DRE,AH52,75,76,True
DRE,B53,75,76,True
DRE,D53,75,76,True
DRE,F53,75,76,True
DRE,H53,79,80,True
DRE,J53,75,76,True
DRE,L53,75,76,True
DRE,N53,75,76,True
DRE,P53,79,80,True
DRE,R53,75,76,True
DRE,T53,75,76,True
DRE,V53,75,76,True
DRE,X53,79,80,True
DRE,Z53,75,76,True
DRE,AB53,75,76,True
DRE,AD53,75,76,True
DRE,AF53,79,80,True
DRE,AH53,75,76,True
DRE,B54,75,76,True
DRE,D54,75,76,True
DRE,F54,75,76,True
DRE,H54,79,80,True
DRE,J54,75,76,True
DRE,L54,75,76,True
DRE,N54,75,76,True
DRE,P54,79,80,True
DRE,R54,75,76,True
DRE,T54,75,76,True
DRE,V54,75,76,True
DRE,X54,79,80,True
DRE,Z54,75,76,True
DRE,AB54,75,76,True
DRE,AD54,75,76,True
DRE,AF54,79,80,True
DRE,AH54,75,76,True
DRE,B55,75,76,True
DRE,D55,75,76,True
DRE,F55,75,76,True
DRE,H55,79,80,True
DRE,J55,75,76,True
DRE,L55,75,76,True
DRE,N55,75,76,True
DRE,P55,79,80,True
DRE,R55,75,76,True
DRE,T55,75,76,True
DRE,V55,75,76,True
DRE,X55,79,80,True
DRE,Z55,75,76,True
DRE,AB55,75,76,True
DRE,AD55,75,76,True
DRE,AF55,79,80,True
DRE,AH55,75,76,True
DRE,B56,75,76,True
DRE,D56,75,76,True
DRE,F56,75,76,True
DRE,H56,79,80,True
DRE,J56,75,76,True
DRE,L56,75,76,True
DRE,N56,75,76,True
DRE,P56,79,80,True
DRE,R56,75,76,True
DRE,T56,75,76,True
DRE,V56,75,76,True
DRE,X56,79,80,True
DRE,Z56,75,76,True
DRE,AB56,75,76,True
DRE,AD56,75,76,True
DRE,AF56,79,80,True
DRE,AH56,75,76,True
DRE,B57,75,76,True
DRE,D57,75,76,True
DRE,F57,75,76,True
DRE,H57,79,80,True
DRE,J57,75,76,True
DRE,L57,75,76,True
DRE,N57,75,76,True
DRE,P57,79,80,True
DRE,R57,75,76,True
DRE,T57,75,76,True
DRE,V57,75,76,True
DRE,X57,79,80,True
DRE,Z57,75,76,True
DRE,AB57,75,76,True
DRE,AD57,75,76,True
DRE,AF57,79,80,True
DRE,AH57,75,76,True
DRE,B58,75,76,True
DRE,D58,75,76,True
DRE,F58,75,76,True
DRE,H58,79,80,True
DRE,J58,75,76,True
DRE,L58,75,76,True
DRE,N58,75,76,True
DRE,P58,79,80,True
DRE,R58,75,76,True
DRE,T58,75,76,True
DRE,V58,75,76,True
DRE,X58,79,80,True
DRE,Z58,75,76,True
DRE,AB58,75,76,True
DRE,AD58,75,76,True
DRE,AF58,79,80,True
DRE,AH58,75,76,True
DRE,B59,75,76,True
DRE,D59,75,76,True
DRE,F59,75,76,True
DRE,H59,79,80,True
DRE,J59,75,76,True
DRE,L59,75,76,True
DRE,N59,75,76,True
DRE,P59,79,80,True
DRE,R59,75,76,True
DRE,T59,75,76,True
DRE,V59,75,76,True
DRE,X59,79,80,True
DRE,Z59,75,76,True
DRE,AB59,75,76,True
DRE,AD59,75,76,True
DRE,AF59,79,80,True
DRE,AH59,75,76,True
DRE,B60,75,76,True
DRE,D60,75,76,True
DRE,F60,75,76,True
DRE,H60,79,80,True
DRE,J60,75,76,True
DRE,L60,75,76,True
DRE,N60,75,76,True
DRE,P60,79,80,True
DRE,R60,75,76,True
DRE,T60,75,76,True
DRE,V60,75,76,True
DRE,X60,79,80,True
DRE,Z60,75,76,True
DRE,AB60,75,76,True
DRE,AD60,75,76,True
DRE,AF60,79,80,True
DRE,AH60,75,76,True
DRE,B61,75,76,True
DRE,D61,75,76,True
DRE,F61,75,76,True
DRE,H61,79,80,True
DRE,J61,75,76,True
DRE,L61,75,76,True
DRE,N61,75,76,True
DRE,P61,79,80,True
DRE,R61,75,76,True
DRE,T61,75,76,True
DRE,V61,75,76,True
DRE,X61,79,80,True
DRE,Z61,75,76,True
DRE,AB61,75,76,True
DRE,AD61,75,76,True
DRE,AF61,79,80,True
DRE,AH61,75,76,True
DRE,A62,82,83,True
DRE,B62,83,84,True
DRE,D62,83,84,True
DRE,F62,83,84,True
DRE,H62,83,84,True
DRE,J62,83,84,True
DRE,L62,83,84,True
DRE,N62,83,84,True
DRE,P62,83,84,True
DRE,R62,83,84,True
DRE,T62,83,84,True
DRE,V62,83,84,True
DRE,X62,83,84,True
DRE,Z62,83,84,True
DRE,AB62,83,84,True
DRE,AD62,83,84,True
DRE,AF62,83,84,True
DRE,AH62,83,84,True
DRE,B63,75,76,True
DRE,D63,75,76,True
DRE,F63,75,76,True
DRE,H63,79,80,True
DRE,J63,75,76,True
DRE,L63,75,76,True
DRE,N63,75,76,True
DRE,P63,79,80,True
DRE,R63,75,76,True
DRE,T63,75,76,True
DRE,V63,75,76,True
DRE,X63,79,80,True
DRE,Z63,75,76,True
DRE,AB63,75,76,True
DRE,AD63,75,76,True
DRE,AF63,79,80,True
DRE,AH63,75,76,True
DRE,B64,75,76,True
DRE,D64,75,76,True
DRE,F64,75,76,True
DRE,H64,79,80,True
DRE,J64,75,76,True
DRE,L64,75,76,True
DRE,N64,75,76,True
DRE,P64,79,80,True
DRE,R64,75,76,True
DRE,T64,75,76,True
DRE,V64,75,76,True
DRE,X64,79,80,True
DRE,Z64,75,76,True
DRE,AB64,75,76,True
DRE,AD64,75,76,True
DRE,AF64,79,80,True
DRE,AH64,75,76,True
DRE,B65,75,76,True
DRE,D65,75,76,True
DRE,F65,75,76,True
DRE,H65,79,80,True
DRE,J65,75,76,True
DRE,L65,75,76,True
DRE,N65,75,76,True
DRE,P65,79,80,True
DRE,R65,75,76,True
DRE,T65,75,76,True
DRE,V65,75,76,True
DRE,X65,79,80,True
DRE,Z65,75,76,True
DRE,AB65,75,76,True
DRE,AD65,75,76,True
DRE,AF65,79,80,True
DRE,AH65,75,76,True
DRE,B66,75,76,True
DRE,D66,75,76,True
DRE,F66,75,76,True
DRE,H66,79,80,True
DRE,J66,75,76,True
DRE,L66,75,76,True
DRE,N66,75,76,True
DRE,P66,79,80,True
DRE,R66,75,76,True
DRE,T66,75,76,True
DRE,V66,75,76,True
DRE,X66,79,80,True
DRE,Z66,75,76,True
DRE,AB66,75,76,True
DRE,AD66,75,76,True
DRE,AF66,79,80,True
DRE,AH66,75,76,True
DRE,B67,75,76,True
DRE,D67,75,76,True
DRE,F67,75,76,True
DRE,H67,79,80,True
DRE,J67,75,76,True
DRE,L67,75,76,True
DRE,N67,75,76,True
DRE,P67,79,80,True
DRE,R67,75,76,True
DRE,T67,75,76,True
DRE,V67,75,76,True
DRE,X67,79,80,True
DRE,Z67,75,76,True
DRE,AB67,75,76,True
DRE,AD67,75,76,True
DRE,AF67,79,80,True
DRE,AH67,75,76,True
DRE,A68,82,83,True
DRE,B68,83,84,True
DRE,D68,83,84,True
DRE,F68,83,84,True
DRE,H68,83,84,True
DRE,J68,83,84,True
DRE,L68,83,84,True
DRE,N68,83,84,True
DRE,P68,83,84,True
DRE,R68,83,84,True
DRE,T68,83,84,True
DRE,V68,83,84,True
DRE,X68,83,84,True
DRE,Z68,83,84,True
DRE,AB68,83,84,True
DRE,AD68,83,84,True
DRE,AF68,83,84,True
DRE,AH68,83,84,True
DRE,B69,75,76,True
DRE,D69,75,76,True
DRE,F69,75,76,True
DRE,H69,79,80,True
DRE,J69,75,76,True
DRE,L69,75,76,True
DRE,N69,75,76,True
DRE,P69,79,80,True
DRE,R69,75,76,True
DRE,T69,75,76,True
DRE,V69,75,76,True
DRE,X69,79,80,True
DRE,Z69,75,76,True
DRE,AB69,75,76,True
DRE,AD69,75,76,True
DRE,AF69,79,80,True
DRE,AH69,75,76,True
DRE,B70,75,76,True
DRE,D70,75,76,True
DRE,F70,75,76,True
DRE,H70,79,80,True
DRE,J70,75,76,True
DRE,L70,75,76,True
DRE,N70,75,76,True
DRE,P70,79,80,True
DRE,R70,75,76,True
DRE,T70,75,76,True
DRE,V70,75,76,True
DRE,X70,79,80,True
DRE,Z70,75,76,True
DRE,AB70,75,76,True
DRE,AD70,75,76,True
DRE,AF70,79,80,True
DRE,AH70,75,76,True
DRE,B71,75,76,True
DRE,D71,75,76,True
DRE,F71,75,76,True
DRE,H71,79,80,True
DRE,J71,75,76,True
DRE,L71,75,76,True
DRE,N71,75,76,True
DRE,P71,79,80,True
DRE,R71,75,76,True
DRE,T71,75,76,True
DRE,V71,75,76,True
DRE,X71,79,80,True
DRE,Z71,75,76,True
DRE,AB71,75,76,True
DRE,AD71,75,76,True
DRE,AF71,79,80,True
DRE,AH71,75,76,True
DRE,B72,75,76,True
DRE,D72,75,76,True
DRE,F72,75,76,True
DRE,H72,79,80,True
DRE,J72,75,76,True
DRE,L72,75,76,True
DRE,N72,75,76,True
DRE,P72,79,80,True
DRE,R72,75,76,True
DRE,T72,75,76,True
DRE,V72,75,76,True
DRE,X72,79,80,True
DRE,Z72,75,76,True
DRE,AB72,75,76,True
DRE,AD72,75,76,True
DRE,AF72,79,80,True
DRE,AH72,75,76,True
DRE,B73,75,76,True
DRE,D73,75,76,True
DRE,F73,75,76,True
DRE,H73,79,80,True
DRE,J73,75,76,True
DRE,L73,75,76,True
DRE,N73,75,76,True
DRE,P73,79,80,True
DRE,R73,75,76,True
DRE,T73,75,76,True
DRE,V73,75,76,True
DRE,X73,79,80,True
DRE,Z73,75,76,True
DRE,AB73,75,76,True
DRE,AD73,75,76,True
DRE,AF73,79,80,True
DRE,AH73,75,76,True
DRE,B74,75,76,True
DRE,D74,75,76,True
DRE,F74,75,76,True
DRE,H74,79,80,True
DRE,J74,75,76,True
DRE,L74,75,76,True
DRE,N74,75,76,True
DRE,P74,79,80,True
DRE,R74,75,76,True
DRE,T74,75,76,True
DRE,V74,75,76,True
DRE,X74,79,80,True
DRE,Z74,75,76,True
DRE,AB74,75,76,True
DRE,AD74,75,76,True
DRE,AF74,79,80,True
DRE,AH74,75,76,True
DRE,B75,75,76,True
DRE,D75,75,76,True
DRE,F75,75,76,True
DRE,H75,79,80,True
DRE,J75,75,76,True
DRE,L75,75,76,True
DRE,N75,75,76,True
DRE,P75,79,80,True
DRE,R75,75,76,True
DRE,T75,75,76,True
DRE,V75,75,76,True
DRE,X75,79,80,True
DRE,Z75,75,76,True
DRE,AB75,75,76,True
DRE,AD75,75,76,True
DRE,AF75,79,80,True
DRE,AH75,75,76,True
DRE,B76,75,76,True
DRE,D76,75,76,True
DRE,F76,75,76,True
DRE,H76,79,80,True
DRE,J76,75,76,True
DRE,L76,75,76,True
DRE,N76,75,76,True
DRE,P76,79,80,True
DRE,R76,75,76,True
DRE,T76,75,76,True
DRE,V76,75,76,True
DRE,X76,79,80,True
DRE,Z76,75,76,True
DRE,AB76,75,76,True
DRE,AD76,75,76,True
DRE,AF76,79,80,True
DRE,AH76,75,76,True
DRE,B77,75,76,True
DRE,D77,75,76,True
DRE,F77,75,76,True
DRE,H77,79,80,True
DRE,J77,75,76,True
DRE,L77,75,76,True
DRE,N77,75,76,True
DRE,P77,79,80,True
DRE,R77,75,76,True
DRE,T77,75,76,True
DRE,V77,75,76,True
DRE,X77,79,80,True
DRE,Z77,75,76,True
DRE,AB77,75,76,True
DRE,AD77,75,76,True
DRE,AF77,79,80,True
DRE,AH77,75,76,True
DRE,B78,75,76,True
DRE,D78,75,76,True
DRE,F78,75,76,True
DRE,H78,79,80,True
DRE,J78,75,76,True
DRE,L78,75,76,True
DRE,N78,75,76,True
DRE,P78,79,80,True
DRE,R78,75,76,True
DRE,T78,75,76,True
DRE,V78,75,76,True
DRE,X78,79,80,True
DRE,Z78,75,76,True
DRE,AB78,75,76,True
DRE,AD78,75,76,True
DRE,AF78,79,80,True
DRE,AH78,75,76,True
DRE,B79,75,76,True
DRE,D79,75,76,True
DRE,F79,75,76,True
DRE,H79,79,80,True
DRE,J79,75,76,True
DRE,L79,75,76,True
DRE,N79,75,76,True
DRE,P79,79,80,True
DRE,R79,75,76,True
DRE,T79,75,76,True
DRE,V79,75,76,True
DRE,X79,79,80,True
DRE,Z79,75,76,True
DRE,AB79,75,76,True
DRE,AD79,75,76,True
DRE,AF79,79,80,True
DRE,AH79,75,76,True
DRE,B80,75,76,True
DRE,D80,75,76,True
DRE,F80,75,76,True
DRE,H80,79,80,True
DRE,J80,75,76,True
DRE,L80,75,76,True
DRE,N80,75,76,True
DRE,P80,79,80,True
DRE,R80,75,76,True
DRE,T80,75,76,True
DRE,V80,75,76,True
DRE,X80,79,80,True
DRE,Z80,75,76,True
DRE,AB80,75,76,True
DRE,AD80,75,76,True
DRE,AF80,79,80,True
DRE,AH80,75,76,True
DRE,B81,75,76,True
DRE,D81,75,76,True
DRE,F81,75,76,True
DRE,H81,79,80,True
DRE,J81,75,76,True
DRE,L81,75,76,True
DRE,N81,75,76,True
DRE,P81,79,80,True
DRE,R81,75,76,True
DRE,T81,75,76,True
DRE,V81,75,76,True
DRE,X81,79,80,True
DRE,Z81,75,76,True
DRE,AB81,75,76,True
DRE,AD81,75,76,True
DRE,AF81,79,80,True
DRE,AH81,75,76,True
DRE,B82,75,76,True
DRE,D82,75,76,True
DRE,F82,75,76,True
DRE,H82,79,80,True
DRE,J82,75,76,True
DRE,L82,75,76,True
DRE,N82,75,76,True
DRE,P82,79,80,True
DRE,R82,75,76,True
DRE,T82,75,76,True
DRE,V82,75,76,True
DRE,X82,79,80,True
DRE,Z82,75,76,True
DRE,AB82,75,76,True
DRE,AD82,75,76,True
DRE,AF82,79,80,True
DRE,AH82,75,76,True
DRE,B83,75,76,True
DRE,D83,75,76,True
DRE,F83,75,76,True
DRE,H83,79,80,True
DRE,J83,75,76,True
DRE,L83,75,76,True
DRE,N83,75,76,True
DRE,P83,79,80,True
DRE,R83,75,76,True
DRE,T83,75,76,True
DRE,V83,75,76,True
DRE,X83,79,80,True
DRE,Z83,75,76,True
DRE,AB83,75,76,True
DRE,AD83,75,76,True
DRE,AF83,79,80,True
DRE,AH83,75,76,True
DRE,B84,75,76,True
DRE,D84,75,76,True
DRE,F84,75,76,True
DRE,H84,79,80,True
DRE,J84,75,76,True
DRE,L84,75,76,True
DRE,N84,75,76,True
DRE,P84,79,80,True
DRE,R84,75,76,True
DRE,T84,75,76,True
DRE,V84,75,76,True
DRE,X84,79,80,True
DRE,Z84,75,76,True
DRE,AB84,75,76,True
DRE,AD84,75,76,True
DRE,AF84,79,80,True
DRE,AH84,75,76,True
DRE,B85,75,76,True
DRE,D85,75,76,True
DRE,F85,75,76,True
DRE,H85,79,80,True
DRE,J85,75,76,True
DRE,L85,75,76,True
DRE,N85,75,76,True
DRE,P85,79,80,True
DRE,R85,75,76,True
DRE,T85,75,76,True
DRE,V85,75,76,True
DRE,X85,79,80,True
DRE,Z85,75,76,True
DRE,AB85,75,76,True
DRE,AD85,75,76,True
DRE,AF85,79,80,True
DRE,AH85,75,76,True
DRE,B86,75,76,True
DRE,D86,75,76,True
DRE,F86,75,76,True
DRE,H86,79,80,True
DRE,J86,75,76,True
DRE,L86,75,76,True
DRE,N86,75,76,True
DRE,P86,79,80,True
DRE,R86,75,76,True
DRE,T86,75,76,True
DRE,V86,75,76,True
DRE,X86,79,80,True
DRE,Z86,75,76,True
DRE,AB86,75,76,True
DRE,AD86,75,76,True
DRE,AF86,79,80,True
DRE,AH86,75,76,True
DRE,B87,75,76,True
DRE,D87,75,76,True
DRE,F87,75,76,True
DRE,H87,79,80,True
DRE,J87,75,76,True
DRE,L87,75,76,True
DRE,N87,75,76,True
DRE,P87,79,80,True
DRE,R87,75,76,True
DRE,T87,75,76,True
DRE,V87,75,76,True
DRE,X87,79,80,True
DRE,Z87,75,76,True
DRE,AB87,75,76,True
DRE,AD87,75,76,True
DRE,AF87,79,80,True
DRE,AH87,75,76,True
DRE,B88,75,76,True
DRE,D88,75,76,True
DRE,F88,75,76,True
DRE,H88,79,80,True
DRE,J88,75,76,True
DRE,L88,75,76,True
DRE,N88,75,76,True
DRE,P88,79,80,True
DRE,R88,75,76,True
DRE,T88,75,76,True
DRE,V88,75,76,True
DRE,X88,79,80,True
DRE,Z88,75,76,True
DRE,AB88,75,76,True
DRE,AD88,75,76,True
DRE,AF88,79,80,True
DRE,AH88,75,76,True
DRE,A89,82,83,True
DRE,B89,83,84,True
DRE,D89,83,84,True
DRE,F89,83,84,True
DRE,H89,83,84,True
DRE,J89,83,84,True
DRE,L89,83,84,True
DRE,N89,83,84,True
DRE,P89,83,84,True
DRE,R89,83,84,True
DRE,T89,83,84,True
DRE,V89,83,84,True
DRE,X89,83,84,True
DRE,Z89,83,84,True
DRE,AB89,83,84,True
DRE,AD89,83,84,True
DRE,AF89,83,84,True
DRE,AH89,83,84,True
DRE,B90,75,76,True
DRE,D90,75,76,True
DRE,F90,75,76,True
DRE,H90,79,80,True
DRE,J90,75,76,True
DRE,L90,75,76,True
DRE,N90,75,76,True
DRE,P90,79,80,True
DRE,R90,75,76,True
DRE,T90,75,76,True
DRE,V90,75,76,True
DRE,X90,79,80,True
DRE,Z90,75,76,True
DRE,AB90,75,76,True
DRE,AD90,75,76,True
DRE,AF90,79,80,True
DRE,AH90,75,76,True
DRE,B91,75,76,True
DRE,D91,75,76,True
DRE,F91,75,76,True
DRE,H91,79,80,True
DRE,J91,75,76,True
DRE,L91,75,76,True
DRE,N91,75,76,True
DRE,P91,79,80,True
DRE,R91,75,76,True
DRE,T91,75,76,True
DRE,V91,75,76,True
DRE,X91,79,80,True
DRE,Z91,75,76,True
DRE,AB91,75,76,True
DRE,AD91,75,76,True
DRE,AF91,79,80,True
DRE,AH91,75,76,True
DRE,B92,75,76,True
DRE,D92,75,76,True
DRE,F92,75,76,True
DRE,H92,79,80,True
DRE,J92,75,76,True
DRE,L92,75,76,True
DRE,N92,75,76,True
DRE,P92,79,80,True
DRE,R92,75,76,True
DRE,T92,75,76,True
DRE,V92,75,76,True
DRE,X92,79,80,True
DRE,Z92,75,76,True
DRE,AB92,75,76,True
DRE,AD92,75,76,True
DRE,AF92,79,80,True
DRE,AH92,75,76,True
DRE,B93,75,76,True
DRE,D93,75,76,True
DRE,F93,75,76,True
DRE,H93,79,80,True
DRE,J93,75,76,True
DRE,L93,75,76,True
DRE,N93,75,76,True
DRE,P93,79,80,True
DRE,R93,75,76,True
DRE,T93,75,76,True
DRE,V93,75,76,True
DRE,X93,79,80,True
DRE,Z93,75,76,True
DRE,AB93,75,76,True
DRE,AD93,75,76,True
DRE,AF93,79,80,True
DRE,AH93,75,76,True
DRE,B94,75,76,True
DRE,D94,75,76,True
DRE,F94,75,76,True
DRE,H94,79,80,True
DRE,J94,75,76,True
DRE,L94,75,76,True
DRE,N94,75,76,True
DRE,P94,79,80,True
DRE,R94,75,76,True
DRE,T94,75,76,True
DRE,V94,75,76,True
DRE,X94,79,80,True
DRE,Z94,75,76,True
DRE,AB94,75,76,True
DRE,AD94,75,76,True
DRE,AF94,79,80,True
DRE,AH94,75,76,True
DRE,B95,75,76,True
DRE,D95,75,76,True
DRE,F95,75,76,True
DRE,H95,79,80,True
DRE,J95,75,76,True
DRE,L95,75,76,True
DRE,N95,75,76,True
DRE,P95,79,80,True
DRE,R95,75,76,True
DRE,T95,75,76,True
DRE,V95,75,76,True
DRE,X95,79,80,True
DRE,Z95,75,76,True
DRE,AB95,75,76,True
DRE,AD95,75,76,True
DRE,AF95,79,80,True
DRE,AH95,75,76,True
DRE,B96,75,76,True
DRE,D96,75,76,True
DRE,F96,75,76,True
DRE,H96,79,80,True
DRE,J96,75,76,True
DRE,L96,75,76,True
DRE,N96,75,76,True
DRE,P96,79,80,True
DRE,R96,75,76,True
DRE,T96,75,76,True
DRE,V96,75,76,True
DRE,X96,79,80,True
DRE,Z96,75,76,True
DRE,AB96,75,76,True
DRE,AD96,75,76,True
DRE,AF96,79,80,True
DRE,AH96,75,76,True
DRE,B97,75,76,True
DRE,D97,75,76,True
DRE,F97,75,76,True
DRE,H97,79,80,True
DRE,J97,75,76,True
DRE,L97,75,76,True
DRE,N97,75,76,True
DRE,P97,79,80,True
DRE,R97,75,76,True
DRE,T97,75,76,True
DRE,V97,75,76,True
DRE,X97,79,80,True
DRE,Z97,75,76,True
DRE,AB97,75,76,True
DRE,AD97,75,76,True
DRE,AF97,79,80,True
DRE,AH97,75,76,True
DRE,B98,75,76,True
DRE,D98,75,76,True
DRE,F98,75,76,True
DRE,H98,79,80,True
DRE,J98,75,76,True
DRE,L98,75,76,True
DRE,N98,75,76,True
DRE,P98,79,80,True
DRE,R98,75,76,True
DRE,T98,75,76,True
DRE,V98,75,76,True
DRE,X98,79,80,True
DRE,Z98,75,76,True
DRE,AB98,75,76,True
DRE,AD98,75,76,True
DRE,AF98,79,80,True
DRE,AH98,75,76,True
DRE,B99,75,76,True
DRE,D99,75,76,True
DRE,F99,75,76,True
DRE,H99,79,80,True
DRE,J99,75,76,True
DRE,L99,75,76,True
DRE,N99,75,76,True
DRE,P99,79,80,True
DRE,R99,75,76,True
DRE,T99,75,76,True
DRE,V99,75,76,True
DRE,X99,79,80,True
DRE,Z99,75,76,True
DRE,AB99,75,76,True
DRE,AD99,75,76,True
DRE,AF99,79,80,True
DRE,AH99,75,76,True
DRE,A100,82,83,True
DRE,B100,83,84,True
DRE,D100,83,84,True
DRE,F100,83,84,True
DRE,H100,83,84,True
DRE,J100,83,84,True
DRE,L100,83,84,True
DRE,N100,83,84,True
DRE,P100,83,84,True
DRE,R100,83,84,True
DRE,T100,83,84,True
DRE,V100,83,84,True
DRE,X100,83,84,True
DRE,Z100,83,84,True
DRE,AB100,83,84,True
DRE,AD100,83,84,True
DRE,AF100,83,84,True
DRE,AH100,83,84,True
DRE,B101,75,76,True
DRE,D101,75,76,True
DRE,F101,75,76,True
DRE,H101,79,80,True
DRE,J101,75,76,True
DRE,L101,75,76,True
DRE,N101,75,76,True
DRE,P101,79,80,True
DRE,R101,75,76,True
DRE,T101,75,76,True
DRE,V101,75,76,True
DRE,X101,79,80,True
DRE,Z101,75,76,True
DRE,AB101,75,76,True
DRE,AD101,75,76,True
DRE,AF101,79,80,True
DRE,AH101,75,76,True
DRE,B102,75,76,True
DRE,D102,75,76,True
DRE,F102,75,76,True
DRE,H102,79,80,True
DRE,J102,75,76,True
DRE,L102,75,76,True
DRE,N102,75,76,True
DRE,P102,79,80,True
DRE,R102,75,76,True
DRE,T102,75,76,True
DRE,V102,75,76,True
DRE,X102,79,80,True
DRE,Z102,75,76,True
DRE,AB102,75,76,True
DRE,AD102,75,76,True
DRE,AF102,79,80,True
DRE,AH102,75,76,True
DRE,B103,75,76,True
DRE,D103,75,76,True
DRE,F103,75,76,True
DRE,H103,79,80,True
DRE,J103,75,76,True
DRE,L103,75,76,True
DRE,N103,75,76,True
DRE,P103,79,80,True
DRE,R103,75,76,True
DRE,T103,75,76,True
DRE,V103,75,76,True
DRE,X103,79,80,True
DRE,Z103,75,76,True
DRE,AB103,75,76,True
DRE,AD103,75,76,True
DRE,AF103,79,80,True
DRE,AH103,75,76,True
DRE,B104,75,76,True
DRE,D104,75,76,True
DRE,F104,75,76,True
DRE,H104,79,80,True
DRE,J104,75,76,True
DRE,L104,75,76,True
DRE,N104,75,76,True
DRE,P104,79,80,True
DRE,R104,75,76,True
DRE,T104,75,76,True
DRE,V104,75,76,True
DRE,X104,79,80,True
DRE,Z104,75,76,True
DRE,AB104,75,76,True
DRE,AD104,75,76,True
DRE,AF104,79,80,True
DRE,AH104,75,76,True
DRE,B105,75,76,True
DRE,D105,75,76,True
DRE,F105,75,76,True
DRE,H105,79,80,True
DRE,J105,75,76,True
DRE,L105,75,76,True
DRE,N105,75,76,True
DRE,P105,79,80,True
DRE,R105,75,76,True
DRE,T105,75,76,True
DRE,V105,75,76,True
DRE,X105,79,80,True
DRE,Z105,75,76,True
DRE,AB105,75,76,True
DRE,AD105,75,76,True
DRE,AF105,79,80,True
DRE,AH105,75,76,True
DRE,B106,75,76,True
DRE,D106,75,76,True
DRE,F106,75,76,True
DRE,H106,79,80,True
DRE,J106,75,76,True
DRE,L106,75,76,True
DRE,N106,75,76,True
DRE,P106,79,80,True
DRE,R106,75,76,True
DRE,T106,75,76,True
DRE,V106,75,76,True
DRE,X106,79,80,True
DRE,Z106,75,76,True
DRE,AB106,75,76,True
DRE,AD106,75,76,True
DRE,AF106,79,80,True
DRE,AH106,75,76,True
DRE,B107,75,76,True
DRE,D107,75,76,True
DRE,F107,75,76,True
DRE,H107,79,80,True
DRE,J107,75,76,True
DRE,L107,75,76,True
DRE,N107,75,76,True
DRE,P107,79,80,True
DRE,R107,75,76,True
DRE,T107,75,76,True
DRE,V107,75,76,True
DRE,X107,79,80,True
DRE,Z107,75,76,True
DRE,AB107,75,76,True
DRE,AD107,75,76,True
DRE,AF107,79,80,True
DRE,AH107,75,76,True
DRE,B108,75,76,True
DRE,D108,75,76,True
DRE,F108,75,76,True
DRE,H108,79,80,True
DRE,J108,75,76,True
DRE,L108,75,76,True
DRE,N108,75,76,True
DRE,P108,79,80,True
DRE,R108,75,76,True
DRE,T108,75,76,True
DRE,V108,75,76,True
DRE,X108,79,80,True
DRE,Z108,75,76,True
DRE,AB108,75,76,True
DRE,AD108,75,76,True
DRE,AF108,79,80,True
DRE,AH108,75,76,True
DRE,B109,75,76,True
DRE,D109,75,76,True
DRE,F109,75,76,True
DRE,H109,79,80,True
DRE,J109,75,76,True
DRE,L109,75,76,True
DRE,N109,75,76,True
DRE,P109,79,80,True
DRE,R109,75,76,True
DRE,T109,75,76,True
DRE,V109,75,76,True
DRE,X109,79,80,True
DRE,Z109,75,76,True
DRE,AB109,75,76,True
DRE,AD109,75,76,True
DRE,AF109,79,80,True
DRE,AH109,75,76,True
DRE,B110,75,76,True
DRE,D110,75,76,True
DRE,F110,75,76,True
DRE,H110,79,80,True
DRE,J110,75,76,True
DRE,L110,75,76,True
DRE,N110,75,76,True
DRE,P110,79,80,True
DRE,R110,75,76,True
DRE,T110,75,76,True
DRE,V110,75,76,True
DRE,X110,79,80,True
DRE,Z110,75,76,True
DRE,AB110,75,76,True
DRE,AD110,75,76,True
DRE,AF110,79,80,True
DRE,AH110,75,76,True
DRE,B111,75,76,True
DRE,D111,75,76,True
DRE,F111,75,76,True
DRE,H111,79,80,True
DRE,J111,75,76,True
DRE,L111,75,76,True
DRE,N111,75,76,True
DRE,P111,79,80,True
DRE,R111,75,76,True
DRE,T111,75,76,True
DRE,V111,75,76,True
DRE,X111,79,80,True
DRE,Z111,75,76,True
DRE,AB111,75,76,True
DRE,AD111,75,76,True
DRE,AF111,79,80,True
DRE,AH111,75,76,True
DRE,B112,75,76,True
DRE,D112,75,76,True
DRE,F112,75,76,True
DRE,H112,79,80,True
DRE,J112,75,76,True
DRE,L112,75,76,True
DRE,N112,75,76,True
DRE,P112,79,80,True
DRE,R112,75,76,True
DRE,T112,75,76,True
DRE,V112,75,76,True
DRE,X112,79,80,True
DRE,Z112,75,76,True
DRE,AB112,75,76,True
DRE,AD112,75,76,True
DRE,AF112,79,80,True
DRE,AH112,75,76,True
DRE,B113,75,76,True
DRE,D113,75,76,True
DRE,F113,75,76,True
DRE,H113,79,80,True
DRE,J113,75,76,True
DRE,L113,75,76,True
DRE,N113,75,76,True
DRE,P113,79,80,True
DRE,R113,75,76,True
DRE,T113,75,76,True
DRE,V113,75,76,True
DRE,X113,79,80,True
DRE,Z113,75,76,True
DRE,AB113,75,76,True
DRE,AD113,75,76,True
DRE,AF113,79,80,True
DRE,AH113,75,76,True
DRE,A114,82,83,True
DRE,B114,83,84,True
DRE,D114,83,84,True
DRE,F114,83,84,True
DRE,H114,83,84,True
DRE,J114,83,84,True
DRE,L114,83,84,True
DRE,N114,83,84,True
DRE,P114,83,84,True
DRE,R114,83,84,True
DRE,T114,83,84,True
DRE,V114,83,84,True
DRE,X114,83,84,True
DRE,Z114,83,84,True
DRE,AB114,83,84,True
DRE,AD114,83,84,True
DRE,AF114,83,84,True
DRE,AH114,83,84,True
DRE,B115,75,76,True
DRE,D115,75,76,True
DRE,F115,75,76,True
DRE,H115,79,80,True
DRE,J115,75,76,True
DRE,L115,75,76,True
DRE,N115,75,76,True
DRE,P115,79,80,True
DRE,R115,75,76,True
DRE,T115,75,76,True
DRE,V115,75,76,True
DRE,X115,79,80,True
DRE,Z115,75,76,True
DRE,AB115,75,76,True
DRE,AD115,75,76,True
DRE,AF115,79,80,True
DRE,AH115,75,76,True
DRE,B116,75,76,True
DRE,D116,75,76,True
DRE,F116,75,76,True
DRE,H116,79,80,True
DRE,J116,75,76,True
DRE,L116,75,76,True
DRE,N116,75,76,True
DRE,P116,79,80,True
DRE,R116,75,76,True
DRE,T116,75,76,True
DRE,V116,75,76,True
DRE,X116,79,80,True
DRE,Z116,75,76,True
DRE,AB116,75,76,True
DRE,AD116,75,76,True
DRE,AF116,79,80,True
DRE,AH116,75,76,True
DRE,B117,75,76,True
DRE,D117,75,76,True
DRE,F117,75,76,True
DRE,H117,79,80,True
DRE,J117,75,76,True
DRE,L117,75,76,True
DRE,N117,75,76,True
DRE,P117,79,80,True
DRE,R117,75,76,True
DRE,T117,75,76,True
DRE,V117,75,76,True
DRE,X117,79,80,True
DRE,Z117,75,76,True
DRE,AB117,75,76,True
DRE,AD117,75,76,True
DRE,AF117,79,80,True
DRE,AH117,75,76,True
DRE,B118,75,76,True
DRE,D118,75,76,True
DRE,F118,75,76,True
DRE,H118,79,80,True
DRE,J118,75,76,True
DRE,L118,75,76,True
DRE,N118,75,76,True
DRE,P118,79,80,True
DRE,R118,75,76,True
DRE,T118,75,76,True
DRE,V118,75,76,True
DRE,X118,79,80,True
DRE,Z118,75,76,True
DRE,AB118,75,76,True
DRE,AD118,75,76,True
DRE,AF118,79,80,True
DRE,AH118,75,76,True
DRE,B119,75,76,True
DRE,D119,75,76,True
DRE,F119,75,76,True
DRE,H119,79,80,True
DRE,J119,75,76,True
DRE,L119,75,76,True
DRE,N119,75,76,True
DRE,P119,79,80,True
DRE,R119,75,76,True
DRE,T119,75,76,True
DRE,V119,75,76,True
DRE,X119,79,80,True
DRE,Z119,75,76,True
DRE,AB119,75,76,True
DRE,AD119,75,76,True
DRE,AF119,79,80,True
DRE,AH119,75,76,True
DRE,B120,75,76,True
DRE,D120,75,76,True
DRE,F120,75,76,True
DRE,H120,79,80,True
DRE,J120,75,76,True
DRE,L120,75,76,True
DRE,N120,75,76,True
DRE,P120,79,80,True
DRE,R120,75,76,True
DRE,T120,75,76,True
DRE,V120,75,76,True
DRE,X120,79,80,True
DRE,Z120,75,76,True
DRE,AB120,75,76,True
DRE,AD120,75,76,True
DRE,AF120,79,80,True
DRE,AH120,75,76,True
DRE,B121,75,76,True
DRE,D121,75,76,True
DRE,F121,75,76,True
DRE,H121,79,80,True
DRE,J121,75,76,True
DRE,L121,75,76,True
DRE,N121,75,76,True
DRE,P121,79,80,True
DRE,R121,75,76,True
DRE,T121,75,76,True
DRE,V121,75,76,True
DRE,X121,79,80,True
DRE,Z121,75,76,True
DRE,AB121,75,76,True
DRE,AD121,75,76,True
DRE,AF121,79,80,True
DRE,AH121,75,76,True
DRE,B122,75,76,True
DRE,D122,75,76,True
DRE,F122,75,76,True
DRE,H122,79,80,True
DRE,J122,75,76,True
DRE,L122,75,76,True
DRE,N122,75,76,True
DRE,P122,79,80,True
DRE,R122,75,76,True
DRE,T122,75,76,True
DRE,V122,75,76,True
DRE,X122,79,80,True
DRE,Z122,75,76,True
DRE,AB122,75,76,True
DRE,AD122,75,76,True
DRE,AF122,79,80,True
DRE,AH122,75,76,True
DRE,B123,75,76,True
DRE,D123,75,76,True
DRE,F123,75,76,True
DRE,H123,79,80,True
DRE,J123,75,76,True
DRE,L123,75,76,True
DRE,N123,75,76,True
DRE,P123,79,80,True
DRE,R123,75,76,True
DRE,T123,75,76,True
DRE,V123,75,76,True
DRE,X123,79,80,True
DRE,Z123,75,76,True
DRE,AB123,75,76,True
DRE,AD123,75,76,True
DRE,AF123,79,80,True
DRE,AH123,75,76,True
DRE,B124,75,76,True
DRE,D124,75,76,True
DRE,F124,75,76,True
DRE,H124,79,80,True
DRE,J124,75,76,True
DRE,L124,75,76,True
DRE,N124,75,76,True
DRE,P124,79,80,True
DRE,R124,75,76,True
DRE,T124,75,76,True
DRE,V124,75,76,True
DRE,X124,79,80,True
DRE,Z124,75,76,True
DRE,AB124,75,76,True
DRE,AD124,75,76,True
DRE,AF124,79,80,True
DRE,AH124,75,76,True
DRE,B125,75,76,True
DRE,D125,75,76,True
DRE,F125,75,76,True
DRE,H125,79,80,True
DRE,J125,75,76,True
DRE,L125,75,76,True
DRE,N125,75,76,True
DRE,P125,79,80,True
DRE,R125,75,76,True
DRE,T125,75,76,True
DRE,V125,75,76,True
DRE,X125,79,80,True
DRE,Z125,75,76,True
DRE,AB125,75,76,True
DRE,AD125,75,76,True
DRE,AF125,79,80,True
DRE,AH125,75,76,True
DRE,B126,75,76,True
DRE,D126,75,76,True
DRE,F126,75,76,True
DRE,H126,79,80,True
DRE,J126,75,76,True
DRE,L126,75,76,True
DRE,N126,75,76,True
DRE,P126,79,80,True
DRE,R126,75,76,True
DRE,T126,75,76,True
DRE,V126,75,76,True
DRE,X126,79,80,True
DRE,Z126,75,76,True
DRE,AB126,75,76,True
DRE,AD126,75,76,True
DRE,AF126,79,80,True
DRE,AH126,75,76,True
DRE,B127,75,76,True
DRE,D127,75,76,True
DRE,F127,75,76,True
DRE,H127,79,80,True
DRE,J127,75,76,True
DRE,L127,75,76,True
DRE,N127,75,76,True
DRE,P127,79,80,True
DRE,R127,75,76,True
DRE,T127,75,76,True
DRE,V127,75,76,True
DRE,X127,79,80,True
DRE,Z127,75,76,True
DRE,AB127,75,76,True
DRE,AD127,75,76,True
DRE,AF127,79,80,True
DRE,AH127,75,76,True
DRE,B128,75,76,True
DRE,D128,75,76,True
DRE,F128,75,76,True
DRE,H128,79,80,True
DRE,J128,75,76,True
DRE,L128,75,76,True
DRE,N128,75,76,True
DRE,P128,79,80,True
DRE,R128,75,76,True
DRE,T128,75,76,True
DRE,V128,75,76,True
DRE,X128,79,80,True
DRE,Z128,75,76,True
DRE,AB128,75,76,True
DRE,AD128,75,76,True
DRE,AF128,79,80,True
DRE,AH128,75,76,True
DRE,A129,82,83,True
DRE,B129,83,84,True
DRE,D129,83,84,True
DRE,F129,83,84,True
DRE,H129,83,84,True
DRE,J129,83,84,True
DRE,L129,83,84,True
DRE,N129,83,84,True
DRE,P129,83,84,True
DRE,R129,83,84,True
DRE,T129,83,84,True
DRE,V129,83,84,True
DRE,X129,83,84,True
DRE,Z129,83,84,True
DRE,AB129,83,84,True
DRE,AD129,83,84,True
DRE,AF129,83,84,True
DRE,AH129,83,84,True
DRE,B130,75,76,True
DRE,D130,75,76,True
DRE,F130,75,76,True
DRE,H130,79,80,True
DRE,J130,75,76,True
DRE,L130,75,76,True
DRE,N130,75,76,True
DRE,P130,79,80,True
DRE,R130,75,76,True
DRE,T130,75,76,True
DRE,V130,75,76,True
DRE,X130,79,80,True
DRE,Z130,75,76,True
DRE,AB130,75,76,True
DRE,AD130,75,76,True
DRE,AF130,79,80,True
DRE,AH130,75,76,True
DRE,B131,75,76,True
DRE,D131,75,76,True
DRE,F131,75,76,True
DRE,H131,79,80,True
DRE,J131,75,76,True
DRE,L131,75,76,True
DRE,N131,75,76,True
DRE,P131,79,80,True
DRE,R131,75,76,True
DRE,T131,75,76,True
DRE,V131,75,76,True
DRE,X131,79,80,True
DRE,Z131,75,76,True
DRE,AB131,75,76,True
DRE,AD131,75,76,True
DRE,AF131,79,80,True
DRE,AH131,75,76,True
DRE,A132,82,83,True
DRE,B132,83,84,True
DRE,D132,83,84,True
DRE,F132,83,84,True
DRE,H132,83,84,True
DRE,J132,83,84,True
DRE,L132,83,84,True
DRE,N132,83,84,True
DRE,P132,83,84,True
DRE,R132,83,84,True
DRE,T132,83,84,True
DRE,V132,83,84,True
DRE,X132,83,84,True
DRE,Z132,83,84,True
DRE,AB132,83,84,True
DRE,AD132,83,84,True
DRE,AF132,83,84,True
DRE,AH132,83,84,True
DRE,B133,75,76,True
DRE,D133,75,76,True
DRE,F133,75,76,True
DRE,H133,79,80,True
DRE,J133,75,76,True
DRE,L133,75,76,True
DRE,N133,75,76,True
DRE,P133,79,80,True
DRE,R133,75,76,True
DRE,T133,75,76,True
DRE,V133,75,76,True
DRE,X133,79,80,True
DRE,Z133,75,76,True
DRE,AB133,75,76,True
DRE,AD133,75,76,True
DRE,AF133,79,80,True
DRE,AH133,75,76,True
DRE,B134,75,76,True
DRE,D134,75,76,True
DRE,F134,75,76,True
DRE,H134,79,80,True
DRE,J134,75,76,True
DRE,L134,75,76,True
DRE,N134,75,76,True
DRE,P134,79,80,True
DRE,R134,75,76,True
DRE,T134,75,76,True
DRE,V134,75,76,True
DRE,X134,79,80,True
DRE,Z134,75,76,True
DRE,AB134,75,76,True
DRE,AD134,75,76,True
DRE,AF134,79,80,True
DRE,AH134,75,76,True
DRE,A135,82,83,True
DRE,B135,83,84,True
DRE,D135,83,84,True
DRE,F135,83,84,True
DRE,H135,83,84,True
DRE,J135,83,84,True
DRE,L135,83,84,True
DRE,N135,83,84,True
DRE,P135,83,84,True
DRE,R135,83,84,True
DRE,T135,83,84,True
DRE,V135,83,84,True
DRE,X135,83,84,True
DRE,Z135,83,84,True
DRE,AB135,83,84,True
DRE,AD135,83,84,True
DRE,AF135,83,84,True
DRE,AH135,83,84,True
DRE,B136,75,76,True
DRE,D136,75,76,True
DRE,F136,75,76,True
DRE,H136,79,80,True
DRE,J136,75,76,True
DRE,L136,75,76,True
DRE,N136,75,76,True
DRE,P136,79,80,True
DRE,R136,75,76,True
DRE,T136,75,76,True
DRE,V136,75,76,True
DRE,X136,79,80,True
DRE,Z136,75,76,True
DRE,AB136,75,76,True
DRE,AD136,75,76,True
DRE,AF136,79,80,True
DRE,AH136,75,76,True
DRE,B137,75,76,True
DRE,D137,75,76,True
DRE,F137,75,76,True
DRE,H137,79,80,True
DRE,J137,75,76,True
DRE,L137,75,76,True
DRE,N137,75,76,True
DRE,P137,79,80,True
DRE,R137,75,76,True
DRE,T137,75,76,True
DRE,V137,75,76,True
DRE,X137,79,80,True
DRE,Z137,75,76,True
DRE,AB137,75,76,True
DRE,AD137,75,76,True
DRE,AF137,79,80,True
DRE,AH137,75,76,True
DRE,B138,75,76,True
DRE,D138,75,76,True
DRE,F138,75,76,True
DRE,H138,79,80,True
DRE,J138,75,76,True
DRE,L138,75,76,True
DRE,N138,75,76,True
DRE,P138,79,80,True
DRE,R138,75,76,True
DRE,T138,75,76,True
DRE,V138,75,76,True
DRE,X138,79,80,True
DRE,Z138,75,76,True
DRE,AB138,75,76,True
DRE,AD138,75,76,True
DRE,AF138,79,80,True
DRE,AH138,75,76,True
DRE,B139,75,76,True
DRE,D139,75,76,True
DRE,F139,75,76,True
DRE,H139,79,80,True
DRE,J139,75,76,True
DRE,L139,75,76,True
DRE,N139,75,76,True
DRE,P139,79,80,True
DRE,R139,75,76,True
DRE,T139,75,76,True
DRE,V139,75,76,True
DRE,X139,79,80,True
DRE,Z139,75,76,True
DRE,AB139,75,76,True
DRE,AD139,75,76,True
DRE,AF139,79,80,True
DRE,AH139,75,76,True
DRE,B140,75,76,True
DRE,D140,75,76,True
DRE,F140,75,76,True
DRE,H140,79,80,True
DRE,J140,75,76,True
DRE,L140,75,76,True
DRE,N140,75,76,True
DRE,P140,79,80,True
DRE,R140,75,76,True
DRE,T140,75,76,True
DRE,V140,75,76,True
DRE,X140,79,80,True
DRE,Z140,75,76,True
DRE,AB140,75,76,True
DRE,AD140,75,76,True
DRE,AF140,79,80,True
DRE,AH140,75,76,True
DRE,B141,75,76,True
DRE,D141,75,76,True
DRE,F141,75,76,True
DRE,H141,79,80,True
DRE,J141,75,76,True
DRE,L141,75,76,True
DRE,N141,75,76,True
DRE,P141,79,80,True
DRE,R141,75,76,True
DRE,T141,75,76,True
DRE,V141,75,76,True
DRE,X141,79,80,True
DRE,Z141,75,76,True
DRE,AB141,75,76,True
DRE,AD141,75,76,True
DRE,AF141,79,80,True
DRE,AH141,75,76,True
DRE,B142,75,76,True
DRE,D142,75,76,True
DRE,F142,75,76,True
DRE,H142,79,80,True
DRE,J142,75,76,True
DRE,L142,75,76,True
DRE,N142,75,76,True
DRE,P142,79,80,True
DRE,R142,75,76,True
DRE,T142,75,76,True
DRE,V142,75,76,True
DRE,X142,79,80,True
DRE,Z142,75,76,True
DRE,AB142,75,76,True
DRE,AD142,75,76,True
DRE,AF142,79,80,True
DRE,AH142,75,76,True
DRE,B143,75,76,True
DRE,D143,75,76,True
DRE,F143,75,76,True
DRE,H143,79,80,True
DRE,J143,75,76,True
DRE,L143,75,76,True
DRE,N143,75,76,True
DRE,P143,79,80,True
DRE,R143,75,76,True
DRE,T143,75,76,True
DRE,V143,75,76,True
DRE,X143,79,80,True
DRE,Z143,75,76,True
DRE,AB143,75,76,True
DRE,AD143,75,76,True
DRE,AF143,79,80,True
DRE,AH143,75,76,True
DRE,B144,75,76,True
DRE,D144,75,76,True
DRE,F144,75,76,True
DRE,H144,79,80,True
DRE,J144,75,76,True
DRE,L144,75,76,True
DRE,N144,75,76,True
DRE,P144,79,80,True
DRE,R144,75,76,True
DRE,T144,75,76,True
DRE,V144,75,76,True
DRE,X144,79,80,True
DRE,Z144,75,76,True
DRE,AB144,75,76,True
DRE,AD144,75,76,True
DRE,AF144,79,80,True
DRE,AH144,75,76,True
DRE,B145,75,76,True
DRE,D145,75,76,True
DRE,F145,75,76,True
DRE,H145,79,80,True
DRE,J145,75,76,True
DRE,L145,75,76,True
DRE,N145,75,76,True
DRE,P145,79,80,True
DRE,R145,75,76,True
DRE,T145,75,76,True
DRE,V145,75,76,True
DRE,X145,79,80,True
DRE,Z145,75,76,True
DRE,AB145,75,76,True
DRE,AD145,75,76,True
DRE,AF145,79,80,True
DRE,AH145,75,76,True
DRE,B146,75,76,True
DRE,D146,75,76,True
DRE,F146,75,76,True
DRE,H146,79,80,True
DRE,J146,75,76,True
DRE,L146,75,76,True
DRE,N146,75,76,True
DRE,P146,79,80,True
DRE,R146,75,76,True
DRE,T146,75,76,True
DRE,V146,75,76,True
DRE,X146,79,80,True
DRE,Z146,75,76,True
DRE,AB146,75,76,True
DRE,AD146,75,76,True
DRE,AF146,79,80,True
DRE,AH146,75,76,True
DRE,B147,75,76,True
DRE,D147,75,76,True
DRE,F147,75,76,True
DRE,H147,79,80,True
DRE,J147,75,76,True
DRE,L147,75,76,True
DRE,N147,75,76,True
DRE,P147,79,80,True
DRE,R147,75,76,True
DRE,T147,75,76,True
DRE,V147,75,76,True
DRE,X147,79,80,True
DRE,Z147,75,76,True
DRE,AB147,75,76,True
DRE,AD147,75,76,True
DRE,AF147,79,80,True
DRE,AH147,75,76,True
DRE,A148,78,79,True
DRE,B148,77,78,True
DRE,D148,77,78,True
DRE,F148,77,78,True
DRE,H148,77,78,True
DRE,J148,77,78,True
DRE,L148,77,78,True
DRE,N148,77,78,True
DRE,P148,77,78,True
DRE,R148,77,78,True
DRE,T148,77,78,True
DRE,V148,77,78,True
DRE,X148,77,78,True
DRE,Z148,77,78,True
DRE,AB148,77,78,True
DRE,AD148,77,78,True
DRE,AF148,77,78,True
DRE,AH148,77,78,True
DRE,A149,86,87,True
DRE,B149,79,80,True
DRE,D149,79,80,True
DRE,F149,79,80,True
DRE,H149,79,80,True
DRE,J149,79,80,True
DRE,L149,79,80,True
DRE,N149,79,80,True
DRE,P149,79,80,True
DRE,R149,79,80,True
DRE,T149,79,80,True
DRE,V149,79,80,True
DRE,X149,79,80,True
DRE,Z149,79,80,True
DRE,AB149,79,80,True
DRE,AD149,79,80,True
DRE,AF149,79,80,True
DRE,AH149,79,80,True
DRE,A150,80,81,True
DRE,B150,81,82,True
DRE,D150,81,82,True
DRE,F150,81,82,True
DRE,H150,81,82,True
DRE,J150,81,82,True
DRE,L150,81,82,True
DRE,N150,81,82,True
DRE,P150,81,82,True
DRE,R150,81,82,True
DRE,T150,81,82,True
DRE,V150,81,82,True
DRE,X150,81,82,True
DRE,Z150,81,82,True
DRE,AB150,81,82,True
DRE,AD150,81,82,True
DRE,AF150,81,82,True
DRE,AH150,81,82,True
DRE,A151,82,83,True
DRE,B151,83,84,True
DRE,D151,83,84,True
DRE,F151,83,84,True
DRE,H151,83,84,True
DRE,J151,83,84,True
DRE,L151,83,84,True
DRE,N151,83,84,True
DRE,P151,83,84,True
DRE,R151,83,84,True
DRE,T151,83,84,True
DRE,V151,83,84,True
DRE,X151,83,84,True
DRE,Z151,83,84,True
DRE,AB151,83,84,True
DRE,AD151,83,84,True
DRE,AF151,83,84,True
DRE,AH151,83,84,True
DRE,B152,75,76,True
DRE,D152,75,76,True
DRE,F152,75,76,True
DRE,H152,79,80,True
DRE,J152,75,76,True
DRE,L152,75,76,True
DRE,N152,75,76,True
DRE,P152,79,80,True
DRE,R152,75,76,True
DRE,T152,75,76,True
DRE,V152,75,76,True
DRE,X152,79,80,True
DRE,Z152,75,76,True
DRE,AB152,75,76,True
DRE,AD152,75,76,True
DRE,AF152,79,80,True
DRE,AH152,75,76,True
DRE,B153,75,76,True
DRE,D153,75,76,True
DRE,F153,75,76,True
DRE,H153,79,80,True
DRE,J153,75,76,True
DRE,L153,75,76,True
DRE,N153,75,76,True
DRE,P153,79,80,True
DRE,R153,75,76,True
DRE,T153,75,76,True
DRE,V153,75,76,True
DRE,X153,79,80,True
DRE,Z153,75,76,True
DRE,AB153,75,76,True
DRE,AD153,75,76,True
DRE,AF153,79,80,True
DRE,AH153,75,76,True
DRE,B154,75,76,True
DRE,D154,75,76,True
DRE,F154,75,76,True
DRE,H154,79,80,True
DRE,J154,75,76,True
DRE,L154,75,76,True
DRE,N154,75,76,True
DRE,P154,79,80,True
DRE,R154,75,76,True
DRE,T154,75,76,True
DRE,V154,75,76,True
DRE,X154,79,80,True
DRE,Z154,75,76,True
DRE,AB154,75,76,True
DRE,AD154,75,76,True
DRE,AF154,79,80,True
DRE,AH154,75,76,True
DRE,A155,82,83,True
DRE,B155,83,84,True
DRE,D155,83,84,True
DRE,F155,83,84,True
DRE,H155,83,84,True
DRE,J155,83,84,True
DRE,L155,83,84,True
DRE,N155,83,84,True
DRE,P155,83,84,True
DRE,R155,83,84,True
DRE,T155,83,84,True
DRE,V155,83,84,True
DRE,X155,83,84,True
DRE,Z155,83,84,True
DRE,AB155,83,84,True
DRE,AD155,83,84,True
DRE,AF155,83,84,True
DRE,AH155,83,84,True
DRE,B156,75,76,True
DRE,D156,75,76,True
DRE,F156,75,76,True
DRE,H156,79,80,True
DRE,J156,75,76,True
DRE,L156,75,76,True
DRE,N156,75,76,True
DRE,P156,79,80,True
DRE,R156,75,76,True
DRE,T156,75,76,True
DRE,V156,75,76,True
DRE,X156,79,80,True
DRE,Z156,75,76,True
DRE,AB156,75,76,True
DRE,AD156,75,76,True
DRE,AF156,79,80,True
DRE,AH156,75,76,True
DRE,B157,75,76,True
DRE,D157,75,76,True
DRE,F157,75,76,True
DRE,H157,79,80,True
DRE,J157,75,76,True
DRE,L157,75,76,True
DRE,N157,75,76,True
DRE,P157,79,80,True
DRE,R157,75,76,True
DRE,T157,75,76,True
DRE,V157,75,76,True
DRE,X157,79,80,True
DRE,Z157,75,76,True
DRE,AB157,75,76,True
DRE,AD157,75,76,True
DRE,AF157,79,80,True
DRE,AH157,75,76,True
DRE,B158,75,76,True
DRE,D158,75,76,True
DRE,F158,75,76,True
DRE,H158,79,80,True
DRE,J158,75,76,True
DRE,L158,75,76,True
DRE,N158,75,76,True
DRE,P158,79,80,True
DRE,R158,75,76,True
DRE,T158,75,76,True
DRE,V158,75,76,True
DRE,X158,79,80,True
DRE,Z158,75,76,True
DRE,AB158,75,76,True
DRE,AD158,75,76,True
DRE,AF158,79,80,True
DRE,AH158,75,76,True
DRE,B159,75,76,True
DRE,D159,75,76,True
DRE,F159,75,76,True
DRE,H159,79,80,True
DRE,J159,75,76,True
DRE,L159,75,76,True
DRE,N159,75,76,True
DRE,P159,79,80,True
DRE,R159,75,76,True
DRE,T159,75,76,True
DRE,V159,75,76,True
DRE,X159,79,80,True
DRE,Z159,75,76,True
DRE,AB159,75,76,True
DRE,AD159,75,76,True
DRE,AF159,79,80,True
DRE,AH159,75,76,True
DRE,B160,75,76,True
DRE,D160,75,76,True
DRE,F160,75,76,True
DRE,H160,79,80,True
DRE,J160,75,76,True
DRE,L160,75,76,True
DRE,N160,75,76,True
DRE,P160,79,80,True
DRE,R160,75,76,True
DRE,T160,75,76,True
DRE,V160,75,76,True
DRE,X160,79,80,True
DRE,Z160,75,76,True
DRE,AB160,75,76,True
DRE,AD160,75,76,True
DRE,AF160,79,80,True
DRE,AH160,75,76,True
DRE,B161,75,76,True
DRE,D161,75,76,True
DRE,F161,75,76,True
DRE,H161,79,80,True
DRE,J161,75,76,True
DRE,L161,75,76,True
DRE,N161,75,76,True
DRE,P161,79,80,True
DRE,R161,75,76,True
DRE,T161,75,76,True
DRE,V161,75,76,True
DRE,X161,79,80,True
DRE,Z161,75,76,True
DRE,AB161,75,76,True
DRE,AD161,75,76,True
DRE,AF161,79,80,True
DRE,AH161,75,76,True
DRE,B162,75,76,True
DRE,D162,75,76,True
DRE,F162,75,76,True
DRE,H162,79,80,True
DRE,J162,75,76,True
DRE,L162,75,76,True
DRE,N162,75,76,True
DRE,P162,79,80,True
DRE,R162,75,76,True
DRE,T162,75,76,True
DRE,V162,75,76,True
DRE,X162,79,80,True
DRE,Z162,75,76,True
DRE,AB162,75,76,True
DRE,AD162,75,76,True
DRE,AF162,79,80,True
DRE,AH162,75,76,True
DRE,A163,80,81,True
DRE,B163,81,82,True
DRE,D163,81,82,True
DRE,F163,81,82,True
DRE,H163,81,82,True
DRE,J163,81,82,True
DRE,L163,81,82,True
DRE,N163,81,82,True
DRE,P163,81,82,True
DRE,R163,81,82,True
DRE,T163,81,82,True
DRE,V163,81,82,True
DRE,X163,81,82,True
DRE,Z163,81,82,True
DRE,AB163,81,82,True
DRE,AD163,81,82,True
DRE,AF163,81,82,True
DRE,AH163,81,82,True
DRE,A164,82,83,True
DRE,B164,83,84,True
DRE,D164,83,84,True
DRE,F164,83,84,True
DRE,H164,83,84,True
DRE,J164,83,84,True
DRE,L164,83,84,True
DRE,N164,83,84,True
DRE,P164,83,84,True
DRE,R164,83,84,True
DRE,T164,83,84,True
DRE,V164,83,84,True
DRE,X164,83,84,True
DRE,Z164,83,84,True
DRE,AB164,83,84,True
DRE,AD164,83,84,True
DRE,AF164,83,84,True
DRE,AH164,83,84,True
DRE,B165,75,76,True
DRE,D165,75,76,True
DRE,F165,75,76,True
DRE,H165,79,80,True
DRE,J165,75,76,True
DRE,L165,75,76,True
DRE,N165,75,76,True
DRE,P165,79,80,True
DRE,R165,75,76,True
DRE,T165,75,76,True
DRE,V165,75,76,True
DRE,X165,79,80,True
DRE,Z165,75,76,True
DRE,AB165,75,76,True
DRE,AD165,75,76,True
DRE,AF165,79,80,True
DRE,AH165,75,76,True
DRE,B166,75,76,True
DRE,D166,75,76,True
DRE,F166,75,76,True
DRE,H166,79,80,True
DRE,J166,75,76,True
DRE,L166,75,76,True
DRE,N166,75,76,True
DRE,P166,79,80,True
DRE,R166,75,76,True
DRE,T166,75,76,True
DRE,V166,75,76,True
DRE,X166,79,80,True
DRE,Z166,75,76,True
DRE,AB166,75,76,True
DRE,AD166,75,76,True
DRE,AF166,79,80,True
DRE,AH166,75,76,True
DRE,A167,82,83,True
DRE,B167,83,84,True
DRE,D167,83,84,True
DRE,F167,83,84,True
DRE,H167,83,84,True
DRE,J167,83,84,True
DRE,L167,83,84,True
DRE,N167,83,84,True
DRE,P167,83,84,True
DRE,R167,83,84,True
DRE,T167,83,84,True
DRE,V167,83,84,True
DRE,X167,83,84,True
DRE,Z167,83,84,True
DRE,AB167,83,84,True
DRE,AD167,83,84,True
DRE,AF167,83,84,True
DRE,AH167,83,84,True
DRE,B168,75,76,True
DRE,D168,75,76,True
DRE,F168,75,76,True
DRE,H168,79,80,True
DRE,J168,75,76,True
DRE,L168,75,76,True
DRE,N168,75,76,True
DRE,P168,79,80,True
DRE,R168,75,76,True
DRE,T168,75,76,True
DRE,V168,75,76,True
DRE,X168,79,80,True
DRE,Z168,75,76,True
DRE,AB168,75,76,True
DRE,AD168,75,76,True
DRE,AF168,79,80,True
DRE,AH168,75,76,True
DRE,B169,75,76,True
DRE,D169,75,76,True
DRE,F169,75,76,True
DRE,H169,79,80,True
DRE,J169,75,76,True
DRE,L169,75,76,True
DRE,N169,75,76,True
DRE,P169,79,80,True
DRE,R169,75,76,True
DRE,T169,75,76,True
DRE,V169,75,76,True
DRE,X169,79,80,True
DRE,Z169,75,76,True
DRE,AB169,75,76,True
DRE,AD169,75,76,True
DRE,AF169,79,80,True
DRE,AH169,75,76,True
DRE,B170,75,76,True
DRE,D170,75,76,True
DRE,F170,75,76,True
DRE,H170,79,80,True
DRE,J170,75,76,True
DRE,L170,75,76,True
DRE,N170,75,76,True
DRE,P170,79,80,True
DRE,R170,75,76,True
DRE,T170,75,76,True
DRE,V170,75,76,True
DRE,X170,79,80,True
DRE,Z170,75,76,True
DRE,AB170,75,76,True
DRE,AD170,75,76,True
DRE,AF170,79,80,True
DRE,AH170,75,76,True
DRE,B171,75,76,True
DRE,D171,75,76,True
DRE,F171,75,76,True
DRE,H171,79,80,True
DRE,J171,75,76,True
DRE,L171,75,76,True
DRE,N171,75,76,True
DRE,P171,79,80,True
DRE,R171,75,76,True
DRE,T171,75,76,True
DRE,V171,75,76,True
DRE,X171,79,80,True
DRE,Z171,75,76,True
DRE,AB171,75,76,True
DRE,AD171,75,76,True
DRE,AF171,79,80,True
DRE,AH171,75,76,True
DRE,A172,78,79,True
DRE,B172,77,78,True
DRE,D172,77,78,True
DRE,F172,77,78,True
DRE,H172,77,78,True
DRE,J172,77,78,True
DRE,L172,77,78,True
DRE,N172,77,78,True
DRE,P172,77,78,True
DRE,R172,77,78,True
DRE,T172,77,78,True
DRE,V172,77,78,True
DRE,X172,77,78,True
DRE,Z172,77,78,True
DRE,AB172,77,78,True
DRE,AD172,77,78,True
DRE,AF172,77,78,True
DRE,AH172,77,78,True
DRE,A173,84,85,True
DRE,B173,85,86,True
DRE,D173,85,86,True
DRE,F173,85,86,True
DRE,H173,85,86,True
DRE,J173,85,86,True
DRE,L173,85,86,True
DRE,N173,85,86,True
DRE,P173,85,86,True
DRE,R173,85,86,True
DRE,T173,85,86,True
DRE,V173,85,86,True
DRE,X173,85,86,True
DRE,Z173,85,86,True
DRE,AB173,85,86,True
DRE,AD173,85,86,True
DRE,AF173,85,86,True
DRE,AH173,85,86,True
DRE,B174,75,76,True
DRE,D174,75,76,True
DRE,F174,75,76,True
DRE,H174,79,80,True
DRE,J174,75,76,True
DRE,L174,75,76,True
DRE,N174,75,76,True
DRE,P174,79,80,True
DRE,R174,75,76,True
DRE,T174,75,76,True
DRE,V174,75,76,True
DRE,X174,79,80,True
DRE,Z174,75,76,True
DRE,AB174,75,76,True
DRE,AD174,75,76,True
DRE,AF174,79,80,True
DRE,AH174,75,76,True
DRE,B175,75,76,True
DRE,D175,75,76,True
DRE,F175,75,76,True
DRE,H175,79,80,True
DRE,J175,75,76,True
DRE,L175,75,76,True
DRE,N175,75,76,True
DRE,P175,79,80,True
DRE,R175,75,76,True
DRE,T175,75,76,True
DRE,V175,75,76,True
DRE,X175,79,80,True
DRE,Z175,75,76,True
DRE,AB175,75,76,True
DRE,AD175,75,76,True
DRE,AF175,79,80,True
DRE,AH175,75,76,True
DRE,B176,75,76,True
DRE,D176,75,76,True
DRE,F176,75,76,True
DRE,H176,79,80,True
DRE,J176,75,76,True
DRE,L176,75,76,True
DRE,N176,75,76,True
DRE,P176,79,80,True
DRE,R176,75,76,True
DRE,T176,75,76,True
DRE,V176,75,76,True
DRE,X176,79,80,True
DRE,Z176,75,76,True
DRE,AB176,75,76,True
DRE,AD176,75,76,True
DRE,AF176,79,80,True
DRE,AH176,75,76,True
DRE,A177,78,79,True
DRE,B177,77,78,True
DRE,D177,77,78,True
DRE,F177,77,78,True
DRE,H177,77,78,True
DRE,J177,77,78,True
DRE,L177,77,78,True
DRE,N177,77,78,True
DRE,P177,77,78,True
DRE,R177,77,78,True
DRE,T177,77,78,True
DRE,V177,77,78,True
DRE,X177,77,78,True
DRE,Z177,77,78,True
DRE,AB177,77,78,True
DRE,AD177,77,78,True
DRE,AF177,77,78,True
DRE,AH177,77,78,True
DRE,A178,84,85,True
DRE,B178,85,86,True
DRE,D178,85,86,True
DRE,F178,85,86,True
DRE,H178,85,86,True
DRE,J178,85,86,True
DRE,L178,85,86,True
DRE,N178,85,86,True
DRE,P178,85,86,True
DRE,R178,85,86,True
DRE,T178,85,86,True
DRE,V178,85,86,True
DRE,X178,85,86,True
DRE,Z178,85,86,True
DRE,AB178,85,86,True
DRE,AD178,85,86,True
DRE,AF178,85,86,True
DRE,AH178,85,86,True
DRE,B179,75,76,True
DRE,D179,75,76,True
DRE,F179,75,76,True
DRE,H179,79,80,True
DRE,J179,75,76,True
DRE,L179,75,76,True
DRE,N179,75,76,True
DRE,P179,79,80,True
DRE,R179,75,76,True
DRE,T179,75,76,True
DRE,V179,75,76,True
DRE,X179,79,80,True
DRE,Z179,75,76,True
DRE,AB179,75,76,True
DRE,AD179,75,76,True
DRE,AF179,79,80,True
DRE,AH179,75,76,True
DRE,B180,75,76,True
DRE,D180,75,76,True
DRE,F180,75,76,True
DRE,H180,79,80,True
DRE,J180,75,76,True
DRE,L180,75,76,True
DRE,N180,75,76,True
DRE,P180,79,80,True
DRE,R180,75,76,True
DRE,T180,75,76,True
DRE,V180,75,76,True
DRE,X180,79,80,True
DRE,Z180,75,76,True
DRE,AB180,75,76,True
DRE,AD180,75,76,True
DRE,AF180,79,80,True
DRE,AH180,75,76,True
DRE,B181,75,76,True
DRE,D181,75,76,True
DRE,F181,75,76,True
DRE,H181,79,80,True
DRE,J181,75,76,True
DRE,L181,75,76,True
DRE,N181,75,76,True
DRE,P181,79,80,True
DRE,R181,75,76,True
DRE,T181,75,76,True
DRE,V181,75,76,True
DRE,X181,79,80,True
DRE,Z181,75,76,True
DRE,AB181,75,76,True
DRE,AD181,75,76,True
DRE,AF181,79,80,True
DRE,AH181,75,76,True
DRE,B182,75,76,True
DRE,D182,75,76,True
DRE,F182,75,76,True
DRE,H182,79,80,True
DRE,J182,75,76,True
DRE,L182,75,76,True
DRE,N182,75,76,True
DRE,P182,79,80,True
DRE,R182,75,76,True
DRE,T182,75,76,True
DRE,V182,75,76,True
DRE,X182,79,80,True
DRE,Z182,75,76,True
DRE,AB182,75,76,True
DRE,AD182,75,76,True
DRE,AF182,79,80,True
DRE,AH182,75,76,True
DRE,B183,75,76,True
DRE,D183,75,76,True
DRE,F183,75,76,True
DRE,H183,79,80,True
DRE,J183,75,76,True
DRE,L183,75,76,True
DRE,N183,75,76,True
DRE,P183,79,80,True
DRE,R183,75,76,True
DRE,T183,75,76,True
DRE,V183,75,76,True
DRE,X183,79,80,True
DRE,Z183,75,76,True
DRE,AB183,75,76,True
DRE,AD183,75,76,True
DRE,AF183,79,80,True
DRE,AH183,75,76,True
DRE,B184,75,76,True
DRE,D184,75,76,True
DRE,F184,75,76,True
DRE,H184,79,80,True
DRE,J184,75,76,True
DRE,L184,75,76,True
DRE,N184,75,76,True
DRE,P184,79,80,True
DRE,R184,75,76,True
DRE,T184,75,76,True
DRE,V184,75,76,True
DRE,X184,79,80,True
DRE,Z184,75,76,True
DRE,AB184,75,76,True
DRE,AD184,75,76,True
DRE,AF184,79,80,True
DRE,AH184,75,76,True
DRE,A185,78,79,True
DRE,B185,77,78,True
DRE,D185,77,78,True
DRE,F185,77,78,True
DRE,H185,77,78,True
DRE,J185,77,78,True
DRE,L185,77,78,True
DRE,N185,77,78,True
DRE,P185,77,78,True
DRE,R185,77,78,True
DRE,T185,77,78,True
DRE,V185,77,78,True
DRE,X185,77,78,True
DRE,Z185,77,78,True
DRE,AB185,77,78,True
DRE,AD185,77,78,True
DRE,AF185,77,78,True
DRE,AH185,77,78,True
